Ano;Mês;Classificação orçamentária;Secretaria;Função;Subfunção;Natureza da despesa;Fonte de recurso;Empenhado (R$);Liquidado  (R$);Pago  (R$)
2017;11;05.10.3.1.90.11.04.122.0002.2.002.01.110000;GABINETE DO PREFEITO;ADMINISTRAÇÃO;ADMINISTRAÇÃO GERAL;VENCIMENTOS E VANTAGENS FIXAS -  PESSOAL CIVIL;TESOURO;67794,33;67794,33;67794,33
2017;11;05.10.3.1.90.16.04.122.0002.2.002.01.110000;GABINETE DO PREFEITO;ADMINISTRAÇÃO;ADMINISTRAÇÃO GERAL;OUTRAS DESPESAS VARIÁVEIS - PESSOAL CIVIL;TESOURO;1184,62;1184,62;1184,62
2017;11;10.10.3.1.90.11.04.122.0006.2.002.01.110000;SECRETARIA DE GOVERNANÇA;ADMINISTRAÇÃO;ADMINISTRAÇÃO GERAL;VENCIMENTOS E VANTAGENS FIXAS -  PESSOAL CIVIL;TESOURO;799670,02;799670,02;799670,02
2017;11;10.10.3.1.90.16.04.122.0006.2.002.01.110000;SECRETARIA DE GOVERNANÇA;ADMINISTRAÇÃO;ADMINISTRAÇÃO GERAL;OUTRAS DESPESAS VARIÁVEIS - PESSOAL CIVIL;TESOURO;26127,45;26127,45;26127,45
2017;11;10.10.3.3.90.30.04.122.0006.2.002.01.110000;SECRETARIA DE GOVERNANÇA;ADMINISTRAÇÃO;ADMINISTRAÇÃO GERAL;MATERIAL DE CONSUMO;TESOURO;23306,96;1668,68;354,48
2017;11;10.10.3.3.90.36.04.122.0006.2.002.01.110000;SECRETARIA DE GOVERNANÇA;ADMINISTRAÇÃO;ADMINISTRAÇÃO GERAL;OUTROS SERVIÇOS DE TERCEIROS - PESSOA FÍSICA;TESOURO;0;6878,02;6878,02
2017;11;10.10.3.3.90.39.04.122.0006.2.002.01.110000;SECRETARIA DE GOVERNANÇA;ADMINISTRAÇÃO;ADMINISTRAÇÃO GERAL;OUTROS SERVIÇOS DE TERCEIROS - PESSOA JURÍDICA;TESOURO;14279,86;27247,22;60336,46
2017;11;10.10.3.3.90.39.04.122.0006.2.003.01.110000;SECRETARIA DE GOVERNANÇA;ADMINISTRAÇÃO;ADMINISTRAÇÃO GERAL;OUTROS SERVIÇOS DE TERCEIROS - PESSOA JURÍDICA;TESOURO;-92,48;-92,48;907,52
2017;11;10.10.3.3.90.39.04.122.0006.2.011.01.110000;SECRETARIA DE GOVERNANÇA;ADMINISTRAÇÃO;ADMINISTRAÇÃO GERAL;OUTROS SERVIÇOS DE TERCEIROS - PESSOA JURÍDICA;TESOURO;0;191416,62;96583,31
2017;11;10.10.3.3.90.48.27.811.0079.2.053.01.110000;SECRETARIA DE GOVERNANÇA;DESPORTO E LAZER;DESPORTO DE RENDIMENTO;OUTROS AUXÍLIOS FINANCEIROS A PESSOA FÍSICA;TESOURO;0;0;98730
2017;11;10.10.4.4.90.52.04.122.0006.2.002.01.110000;SECRETARIA DE GOVERNANÇA;ADMINISTRAÇÃO;ADMINISTRAÇÃO GERAL;EQUIPAMENTOS E MATERIAL PERMANENTE;TESOURO;23749,98;1880;0
2017;11;10.30.3.3.90.39.04.122.0006.2.012.01.110000;SECRETARIA DE GOVERNANÇA;ADMINISTRAÇÃO;ADMINISTRAÇÃO GERAL;OUTROS SERVIÇOS DE TERCEIROS - PESSOA JURÍDICA;TESOURO;0;378319,09;357485,82
2017;11;15.10.3.1.90.11.04.122.0007.2.002.01.110000;SECRETARIA DE APOIO JURÍDICO;ADMINISTRAÇÃO;ADMINISTRAÇÃO GERAL;VENCIMENTOS E VANTAGENS FIXAS -  PESSOAL CIVIL;TESOURO;1297323,97;1297323,97;1297323,97
2017;11;15.10.3.1.90.16.04.122.0007.2.002.01.110000;SECRETARIA DE APOIO JURÍDICO;ADMINISTRAÇÃO;ADMINISTRAÇÃO GERAL;OUTRAS DESPESAS VARIÁVEIS - PESSOAL CIVIL;TESOURO;82777,53;82777,53;82777,53
2017;11;15.10.3.3.90.30.04.122.0007.2.002.01.110000;SECRETARIA DE APOIO JURÍDICO;ADMINISTRAÇÃO;ADMINISTRAÇÃO GERAL;MATERIAL DE CONSUMO;TESOURO;6407,16;97,2;97,2
2017;11;15.10.3.3.90.30.14.422.0007.2.099.02.100047;SECRETARIA DE APOIO JURÍDICO;DIREITOS DA CIDADANIA;DIREITOS INDIVIDUAIS, COLETIVOS E DIFUSOS;MATERIAL DE CONSUMO;TRANSFERENCIAS E CONVENIOS ESTADUAIS - VINCULADOS;0;174,96;174,96
2017;11;15.10.3.3.90.36.04.122.0007.2.002.01.110000;SECRETARIA DE APOIO JURÍDICO;ADMINISTRAÇÃO;ADMINISTRAÇÃO GERAL;OUTROS SERVIÇOS DE TERCEIROS - PESSOA FÍSICA;TESOURO;0;70013,19;70324,78
2017;11;15.10.3.3.90.36.04.122.0007.2.013.01.110000;SECRETARIA DE APOIO JURÍDICO;ADMINISTRAÇÃO;ADMINISTRAÇÃO GERAL;OUTROS SERVIÇOS DE TERCEIROS - PESSOA FÍSICA;TESOURO;54580,57;54580,57;54580,57
2017;11;15.10.3.3.90.36.04.122.0007.2.014.01.110000;SECRETARIA DE APOIO JURÍDICO;ADMINISTRAÇÃO;ADMINISTRAÇÃO GERAL;OUTROS SERVIÇOS DE TERCEIROS - PESSOA FÍSICA;TESOURO;4669,83;4669,83;7564,29
2017;11;15.10.3.3.90.36.14.422.0007.2.099.02.100047;SECRETARIA DE APOIO JURÍDICO;DIREITOS DA CIDADANIA;DIREITOS INDIVIDUAIS, COLETIVOS E DIFUSOS;OUTROS SERVIÇOS DE TERCEIROS - PESSOA FÍSICA;TRANSFERENCIAS E CONVENIOS ESTADUAIS - VINCULADOS;561,16;4052,99;4439,53
2017;11;15.10.3.3.90.39.04.122.0007.2.002.01.110000;SECRETARIA DE APOIO JURÍDICO;ADMINISTRAÇÃO;ADMINISTRAÇÃO GERAL;OUTROS SERVIÇOS DE TERCEIROS - PESSOA JURÍDICA;TESOURO;10725,01;6312,3;8170,7
2017;11;15.10.3.3.90.39.04.122.0007.2.003.01.110000;SECRETARIA DE APOIO JURÍDICO;ADMINISTRAÇÃO;ADMINISTRAÇÃO GERAL;OUTROS SERVIÇOS DE TERCEIROS - PESSOA JURÍDICA;TESOURO;-792,11;-792,11;-792,11
2017;11;15.10.3.3.90.39.04.122.0007.2.013.01.110000;SECRETARIA DE APOIO JURÍDICO;ADMINISTRAÇÃO;ADMINISTRAÇÃO GERAL;OUTROS SERVIÇOS DE TERCEIROS - PESSOA JURÍDICA;TESOURO;3683,63;3683,63;3773,47
2017;11;15.10.3.3.90.39.04.122.0007.2.014.01.110000;SECRETARIA DE APOIO JURÍDICO;ADMINISTRAÇÃO;ADMINISTRAÇÃO GERAL;OUTROS SERVIÇOS DE TERCEIROS - PESSOA JURÍDICA;TESOURO;16875,42;16875,42;16875,42
2017;11;15.10.3.3.90.39.14.422.0007.2.099.02.100047;SECRETARIA DE APOIO JURÍDICO;DIREITOS DA CIDADANIA;DIREITOS INDIVIDUAIS, COLETIVOS E DIFUSOS;OUTROS SERVIÇOS DE TERCEIROS - PESSOA JURÍDICA;TRANSFERENCIAS E CONVENIOS ESTADUAIS - VINCULADOS;0;45402,24;0
2017;11;20.10.3.3.90.30.04.122.0008.2.002.01.110000;SECRETARIA DE GESTÃO ADMINISTRATIVA E FINANÇAS;ADMINISTRAÇÃO;ADMINISTRAÇÃO GERAL;MATERIAL DE CONSUMO;TESOURO;15641,08;45150,66;62572,02
2017;11;20.10.3.3.90.31.04.122.0008.2.002.01.110000;SECRETARIA DE GESTÃO ADMINISTRATIVA E FINANÇAS;ADMINISTRAÇÃO;ADMINISTRAÇÃO GERAL;PREMIAÇÕES CULTURAIS, ARTÍSTICAS, CIENTÍFICAS, DESPORTIVAS E OUTRAS;TESOURO;45713,89;45713,89;45713,89
2017;11;20.10.3.3.90.33.04.122.0008.2.002.01.110000;SECRETARIA DE GESTÃO ADMINISTRATIVA E FINANÇAS;ADMINISTRAÇÃO;ADMINISTRAÇÃO GERAL;PASSAGENS E DESPESAS COM LOCOMOÇÃO;TESOURO;0;0;3745,72
2017;11;20.10.3.3.90.36.04.122.0008.2.002.01.110000;SECRETARIA DE GESTÃO ADMINISTRATIVA E FINANÇAS;ADMINISTRAÇÃO;ADMINISTRAÇÃO GERAL;OUTROS SERVIÇOS DE TERCEIROS - PESSOA FÍSICA;TESOURO;0;86132,16;86235,21
2017;11;20.10.3.3.90.39.04.122.0008.2.002.01.110000;SECRETARIA DE GESTÃO ADMINISTRATIVA E FINANÇAS;ADMINISTRAÇÃO;ADMINISTRAÇÃO GERAL;OUTROS SERVIÇOS DE TERCEIROS - PESSOA JURÍDICA;TESOURO;16300,06;18326,37;67236,61
2017;11;20.10.3.3.90.39.04.122.0008.2.003.01.110000;SECRETARIA DE GESTÃO ADMINISTRATIVA E FINANÇAS;ADMINISTRAÇÃO;ADMINISTRAÇÃO GERAL;OUTROS SERVIÇOS DE TERCEIROS - PESSOA JURÍDICA;TESOURO;2349,2;2349,2;4849,2
2017;11;20.10.3.3.90.39.04.122.0008.2.011.01.110000;SECRETARIA DE GESTÃO ADMINISTRATIVA E FINANÇAS;ADMINISTRAÇÃO;ADMINISTRAÇÃO GERAL;OUTROS SERVIÇOS DE TERCEIROS - PESSOA JURÍDICA;TESOURO;237004,37;852821,69;585504,24
2017;11;20.10.3.3.90.39.04.122.0008.2.024.01.110000;SECRETARIA DE GESTÃO ADMINISTRATIVA E FINANÇAS;ADMINISTRAÇÃO;ADMINISTRAÇÃO GERAL;OUTROS SERVIÇOS DE TERCEIROS - PESSOA JURÍDICA;TESOURO;0;1482717,7;1482717,7
2017;11;20.10.3.3.90.39.24.126.0010.2.197.01.110000;SECRETARIA DE GESTÃO ADMINISTRATIVA E FINANÇAS;COMUNICAÇÕES;TECNOLOGIA DA INFORMAÇÃO;OUTROS SERVIÇOS DE TERCEIROS - PESSOA JURÍDICA;TESOURO;-1218414,52;-975247,16;-975247,16
2017;11;20.10.4.4.90.52.04.122.0008.2.002.01.110000;SECRETARIA DE GESTÃO ADMINISTRATIVA E FINANÇAS;ADMINISTRAÇÃO;ADMINISTRAÇÃO GERAL;EQUIPAMENTOS E MATERIAL PERMANENTE;TESOURO;270;545;0
2017;11;20.20.3.1.90.11.04.122.0008.2.020.01.110000;SECRETARIA DE GESTÃO ADMINISTRATIVA E FINANÇAS;ADMINISTRAÇÃO;ADMINISTRAÇÃO GERAL;VENCIMENTOS E VANTAGENS FIXAS -  PESSOAL CIVIL;TESOURO;2877747,3;2877747,3;2877747,3
2017;11;20.20.3.1.90.16.04.122.0008.2.020.01.110000;SECRETARIA DE GESTÃO ADMINISTRATIVA E FINANÇAS;ADMINISTRAÇÃO;ADMINISTRAÇÃO GERAL;OUTRAS DESPESAS VARIÁVEIS - PESSOAL CIVIL;TESOURO;654254,55;654254,55;654254,49
2017;11;20.60.3.3.90.39.24.126.0010.2.025.01.110000;SECRETARIA DE GESTÃO ADMINISTRATIVA E FINANÇAS;COMUNICAÇÕES;TECNOLOGIA DA INFORMAÇÃO;OUTROS SERVIÇOS DE TERCEIROS - PESSOA JURÍDICA;TESOURO;26735,58;13093,36;13093,36
2017;11;25.10.3.3.90.39.04.122.0011.2.011.01.110000;SECRETARIA DA FAZENDA;ADMINISTRAÇÃO;ADMINISTRAÇÃO GERAL;OUTROS SERVIÇOS DE TERCEIROS - PESSOA JURÍDICA;TESOURO;0;381125,88;0
2017;11;30.10.3.1.90.11.15.127.0015.2.002.01.110000;SECRETARIA DE URBANISMO E SUSTENTABILIDADE;URBANISMO;ORDENAMENTO TERRITORIAL;VENCIMENTOS E VANTAGENS FIXAS -  PESSOAL CIVIL;TESOURO;946914,24;946914,24;946914,24
2017;11;30.10.3.1.90.16.15.127.0015.2.002.01.110000;SECRETARIA DE URBANISMO E SUSTENTABILIDADE;URBANISMO;ORDENAMENTO TERRITORIAL;OUTRAS DESPESAS VARIÁVEIS - PESSOAL CIVIL;TESOURO;60125,01;60125,01;60125,01
2017;11;30.10.3.3.90.14.15.127.0015.2.003.01.110000;SECRETARIA DE URBANISMO E SUSTENTABILIDADE;URBANISMO;ORDENAMENTO TERRITORIAL;DIÁRIAS - PESSOAL CIVIL;TESOURO;-12;-12;-12
2017;11;30.10.3.3.90.30.15.127.0015.2.002.01.110000;SECRETARIA DE URBANISMO E SUSTENTABILIDADE;URBANISMO;ORDENAMENTO TERRITORIAL;MATERIAL DE CONSUMO;TESOURO;3073,5;544,96;473,04
2017;11;30.10.3.3.90.36.15.127.0015.2.002.01.110000;SECRETARIA DE URBANISMO E SUSTENTABILIDADE;URBANISMO;ORDENAMENTO TERRITORIAL;OUTROS SERVIÇOS DE TERCEIROS - PESSOA FÍSICA;TESOURO;0;20498,51;20498,51
2017;11;30.10.3.3.90.39.15.127.0015.2.002.01.110000;SECRETARIA DE URBANISMO E SUSTENTABILIDADE;URBANISMO;ORDENAMENTO TERRITORIAL;OUTROS SERVIÇOS DE TERCEIROS - PESSOA JURÍDICA;TESOURO;14317,26;92022,41;35861,67
2017;11;30.10.3.3.90.39.15.127.0015.2.003.01.110000;SECRETARIA DE URBANISMO E SUSTENTABILIDADE;URBANISMO;ORDENAMENTO TERRITORIAL;OUTROS SERVIÇOS DE TERCEIROS - PESSOA JURÍDICA;TESOURO;5654,31;5654,31;5654,31
2017;11;30.10.3.3.90.39.15.127.0015.2.024.01.110000;SECRETARIA DE URBANISMO E SUSTENTABILIDADE;URBANISMO;ORDENAMENTO TERRITORIAL;OUTROS SERVIÇOS DE TERCEIROS - PESSOA JURÍDICA;TESOURO;0;156018,59;502231,46
2017;11;30.10.3.3.90.39.18.541.0059.2.183.03.100050;SECRETARIA DE URBANISMO E SUSTENTABILIDADE;GESTÃO AMBIENTAL;PRESERVAÇÃO E CONSERVAÇÃO AMBIENTAL;OUTROS SERVIÇOS DE TERCEIROS - PESSOA JURÍDICA;RECURSOS PROPRIOS DE FUNDOS ESPECIAIS DE DESPESA - VINCULADOS;7850;2062,27;5318,27
2017;11;30.10.4.4.90.52.15.127.0015.2.002.01.110000;SECRETARIA DE URBANISMO E SUSTENTABILIDADE;URBANISMO;ORDENAMENTO TERRITORIAL;EQUIPAMENTOS E MATERIAL PERMANENTE;TESOURO;0;3004,4;1890
2017;11;35.10.3.1.90.11.04.122.0019.2.002.01.110000;SECRETARIA DE GESTÃO HABITACIONAL E OBRAS;ADMINISTRAÇÃO;ADMINISTRAÇÃO GERAL;VENCIMENTOS E VANTAGENS FIXAS -  PESSOAL CIVIL;TESOURO;713752,99;713752,99;713752,99
2017;11;35.10.3.1.90.16.04.122.0019.2.002.01.110000;SECRETARIA DE GESTÃO HABITACIONAL E OBRAS;ADMINISTRAÇÃO;ADMINISTRAÇÃO GERAL;OUTRAS DESPESAS VARIÁVEIS - PESSOAL CIVIL;TESOURO;52785,78;52785,78;52785,78
2017;11;35.10.3.3.90.30.04.122.0019.2.002.01.110000;SECRETARIA DE GESTÃO HABITACIONAL E OBRAS;ADMINISTRAÇÃO;ADMINISTRAÇÃO GERAL;MATERIAL DE CONSUMO;TESOURO;5619,12;0;734,74
2017;11;35.10.3.3.90.36.04.122.0019.2.002.01.110000;SECRETARIA DE GESTÃO HABITACIONAL E OBRAS;ADMINISTRAÇÃO;ADMINISTRAÇÃO GERAL;OUTROS SERVIÇOS DE TERCEIROS - PESSOA FÍSICA;TESOURO;0;8072,43;8072,43
2017;11;35.10.3.3.90.39.04.122.0019.2.002.01.110000;SECRETARIA DE GESTÃO HABITACIONAL E OBRAS;ADMINISTRAÇÃO;ADMINISTRAÇÃO GERAL;OUTROS SERVIÇOS DE TERCEIROS - PESSOA JURÍDICA;TESOURO;986,23;9900;11258,4
2017;11;35.10.3.3.90.39.04.122.0019.2.003.01.110000;SECRETARIA DE GESTÃO HABITACIONAL E OBRAS;ADMINISTRAÇÃO;ADMINISTRAÇÃO GERAL;OUTROS SERVIÇOS DE TERCEIROS - PESSOA JURÍDICA;TESOURO;5992,76;5992,76;5992,76
2017;11;35.10.3.3.90.39.04.122.0019.2.011.01.110000;SECRETARIA DE GESTÃO HABITACIONAL E OBRAS;ADMINISTRAÇÃO;ADMINISTRAÇÃO GERAL;OUTROS SERVIÇOS DE TERCEIROS - PESSOA JURÍDICA;TESOURO;52370;20230;18519,89
2017;11;35.10.3.3.90.92.04.122.0019.2.002.01.110000;SECRETARIA DE GESTÃO HABITACIONAL E OBRAS;ADMINISTRAÇÃO;ADMINISTRAÇÃO GERAL;DESPESAS DE EXERCÍCIOS ANTERIORES;TESOURO;155,52;64,8;64,8
2017;11;35.10.4.4.90.51.15.451.0021.1.015.01.110000;SECRETARIA DE GESTÃO HABITACIONAL E OBRAS;URBANISMO;INFRA-ESTRUTURA URBANA;OBRAS E INSTALAÇÕES;TESOURO;47912,25;0;0
2017;11;35.10.4.4.90.52.04.122.0019.2.002.01.110000;SECRETARIA DE GESTÃO HABITACIONAL E OBRAS;ADMINISTRAÇÃO;ADMINISTRAÇÃO GERAL;EQUIPAMENTOS E MATERIAL PERMANENTE;TESOURO;3870;4420;0
2017;11;35.20.3.3.90.39.16.451.0061.2.122.03.100058;SECRETARIA DE GESTÃO HABITACIONAL E OBRAS;HABITAÇÃO;INFRA-ESTRUTURA URBANA;OUTROS SERVIÇOS DE TERCEIROS - PESSOA JURÍDICA;RECURSOS PROPRIOS DE FUNDOS ESPECIAIS DE DESPESA - VINCULADOS;-25,53;965559,88;490561,4
2017;11;35.20.4.4.90.51.17.512.0020.1.013.01.110000;SECRETARIA DE GESTÃO HABITACIONAL E OBRAS;SANEAMENTO;SANEAMENTO BÁSICO URBANO;OBRAS E INSTALAÇÕES;TESOURO;278473,7;-458251,01;-351075,91
2017;11;35.20.4.4.90.51.17.512.0020.1.013.05.100030;SECRETARIA DE GESTÃO HABITACIONAL E OBRAS;SANEAMENTO;SANEAMENTO BÁSICO URBANO;OBRAS E INSTALAÇÕES;TRANSFERENCIAS E CONVENIOS FEDERAIS - VINCULADOS;0;541901,11;541901,11
2017;11;40.10.3.1.90.04.12.361.0027.2.045.01.220000;SECRETARIA DE EDUCAÇÃO E CIDADANIA;EDUCAÇÃO;ENSINO FUNDAMENTAL;CONTRATAÇÃO POR TEMPO DETERMINADO;TESOURO;71392,24;71392,24;71392,24
2017;11;40.10.3.1.90.04.12.365.0024.2.039.01.210000;SECRETARIA DE EDUCAÇÃO E CIDADANIA;EDUCAÇÃO;EDUCAÇÃO INFANTIL;CONTRATAÇÃO POR TEMPO DETERMINADO;TESOURO;13266,18;13266,18;13266,18
2017;11;40.10.3.1.90.04.12.365.0025.2.041.01.210000;SECRETARIA DE EDUCAÇÃO E CIDADANIA;EDUCAÇÃO;EDUCAÇÃO INFANTIL;CONTRATAÇÃO POR TEMPO DETERMINADO;TESOURO;4556,62;4556,62;4556,62
2017;11;40.10.3.1.90.11.12.361.0022.2.046.01.220000;SECRETARIA DE EDUCAÇÃO E CIDADANIA;EDUCAÇÃO;ENSINO FUNDAMENTAL;VENCIMENTOS E VANTAGENS FIXAS -  PESSOAL CIVIL;TESOURO;1027801,03;1027801,03;1027801,03
2017;11;40.10.3.1.90.11.12.361.0027.2.045.01.220000;SECRETARIA DE EDUCAÇÃO E CIDADANIA;EDUCAÇÃO;ENSINO FUNDAMENTAL;VENCIMENTOS E VANTAGENS FIXAS -  PESSOAL CIVIL;TESOURO;7074565,58;7074565,58;7074565,58
2017;11;40.10.3.1.90.11.12.363.0029.2.048.01.200000;SECRETARIA DE EDUCAÇÃO E CIDADANIA;EDUCAÇÃO;ENSINO PROFISSIONAL;VENCIMENTOS E VANTAGENS FIXAS -  PESSOAL CIVIL;TESOURO;356955,36;356955,36;356955,36
2017;11;40.10.3.1.90.11.12.365.0024.2.039.01.210000;SECRETARIA DE EDUCAÇÃO E CIDADANIA;EDUCAÇÃO;EDUCAÇÃO INFANTIL;VENCIMENTOS E VANTAGENS FIXAS -  PESSOAL CIVIL;TESOURO;92097,81;92097,81;92097,81
2017;11;40.10.3.1.90.11.12.365.0025.2.041.01.210000;SECRETARIA DE EDUCAÇÃO E CIDADANIA;EDUCAÇÃO;EDUCAÇÃO INFANTIL;VENCIMENTOS E VANTAGENS FIXAS -  PESSOAL CIVIL;TESOURO;37030,81;37030,81;37030,81
2017;11;40.10.3.1.90.11.12.366.0026.2.043.01.220000;SECRETARIA DE EDUCAÇÃO E CIDADANIA;EDUCAÇÃO;EDUCAÇÃO DE JOVENS E ADULTOS;VENCIMENTOS E VANTAGENS FIXAS -  PESSOAL CIVIL;TESOURO;5771,96;5771,96;5771,96
2017;11;40.10.3.1.90.13.12.361.0022.2.046.01.220000;SECRETARIA DE EDUCAÇÃO E CIDADANIA;EDUCAÇÃO;ENSINO FUNDAMENTAL;OBRIGAÇÕES PATRONAIS;TESOURO;48099,51;48099,51;48099,51
2017;11;40.10.3.1.90.13.12.361.0027.2.045.01.220000;SECRETARIA DE EDUCAÇÃO E CIDADANIA;EDUCAÇÃO;ENSINO FUNDAMENTAL;OBRIGAÇÕES PATRONAIS;TESOURO;10831,28;10831,28;10831,28
2017;11;40.10.3.1.90.13.12.363.0029.2.048.01.200000;SECRETARIA DE EDUCAÇÃO E CIDADANIA;EDUCAÇÃO;ENSINO PROFISSIONAL;OBRIGAÇÕES PATRONAIS;TESOURO;16611,31;16611,31;16611,31
2017;11;40.10.3.1.90.13.12.365.0024.2.039.01.210000;SECRETARIA DE EDUCAÇÃO E CIDADANIA;EDUCAÇÃO;EDUCAÇÃO INFANTIL;OBRIGAÇÕES PATRONAIS;TESOURO;6181,52;6181,52;6181,52
2017;11;40.10.3.1.90.13.12.365.0025.2.041.01.210000;SECRETARIA DE EDUCAÇÃO E CIDADANIA;EDUCAÇÃO;EDUCAÇÃO INFANTIL;OBRIGAÇÕES PATRONAIS;TESOURO;560,56;560,56;560,56
2017;11;40.10.3.1.90.16.12.361.0022.2.046.01.220000;SECRETARIA DE EDUCAÇÃO E CIDADANIA;EDUCAÇÃO;ENSINO FUNDAMENTAL;OUTRAS DESPESAS VARIÁVEIS - PESSOAL CIVIL;TESOURO;45923,69;45923,69;45923,69
2017;11;40.10.3.1.90.16.12.361.0027.2.045.01.220000;SECRETARIA DE EDUCAÇÃO E CIDADANIA;EDUCAÇÃO;ENSINO FUNDAMENTAL;OUTRAS DESPESAS VARIÁVEIS - PESSOAL CIVIL;TESOURO;11287,8;11287,8;11287,8
2017;11;40.10.3.1.90.16.12.365.0024.2.039.01.210000;SECRETARIA DE EDUCAÇÃO E CIDADANIA;EDUCAÇÃO;EDUCAÇÃO INFANTIL;OUTRAS DESPESAS VARIÁVEIS - PESSOAL CIVIL;TESOURO;4353,97;4353,97;4353,97
2017;11;40.10.3.1.90.16.12.366.0026.2.043.01.220000;SECRETARIA DE EDUCAÇÃO E CIDADANIA;EDUCAÇÃO;EDUCAÇÃO DE JOVENS E ADULTOS;OUTRAS DESPESAS VARIÁVEIS - PESSOAL CIVIL;TESOURO;17;17;17
2017;11;40.10.3.1.90.94.12.361.0022.2.046.01.220000;SECRETARIA DE EDUCAÇÃO E CIDADANIA;EDUCAÇÃO;ENSINO FUNDAMENTAL;INDENIZAÇÕES E RESTITUIÇÕES TRABALHISTAS;TESOURO;5264,38;5264,38;5264,38
2017;11;40.10.3.1.90.94.12.361.0027.2.045.01.220000;SECRETARIA DE EDUCAÇÃO E CIDADANIA;EDUCAÇÃO;ENSINO FUNDAMENTAL;INDENIZAÇÕES E RESTITUIÇÕES TRABALHISTAS;TESOURO;171314,15;171314,15;165947,22
2017;11;40.10.3.1.90.94.12.365.0024.2.039.01.210000;SECRETARIA DE EDUCAÇÃO E CIDADANIA;EDUCAÇÃO;EDUCAÇÃO INFANTIL;INDENIZAÇÕES E RESTITUIÇÕES TRABALHISTAS;TESOURO;315,98;315,98;315,98
2017;11;40.10.3.1.90.96.12.361.0027.2.045.01.220000;SECRETARIA DE EDUCAÇÃO E CIDADANIA;EDUCAÇÃO;ENSINO FUNDAMENTAL;RESSARCIMENTO DE DESPESAS DE PESSOAL REQUISITADO;TESOURO;2450,78;2450,78;2450,78
2017;11;40.10.3.1.91.13.12.361.0022.2.046.01.220000;SECRETARIA DE EDUCAÇÃO E CIDADANIA;EDUCAÇÃO;ENSINO FUNDAMENTAL;OBRIGAÇÕES PATRONAIS - INTRA-ORÇAMENTÁRIO;TESOURO;456820,38;456820,38;456820,38
2017;11;40.10.3.1.91.13.12.361.0027.2.045.01.220000;SECRETARIA DE EDUCAÇÃO E CIDADANIA;EDUCAÇÃO;ENSINO FUNDAMENTAL;OBRIGAÇÕES PATRONAIS - INTRA-ORÇAMENTÁRIO;TESOURO;17993,2;17993,2;17993,2
2017;11;40.10.3.1.91.13.12.363.0029.2.048.01.200000;SECRETARIA DE EDUCAÇÃO E CIDADANIA;EDUCAÇÃO;ENSINO PROFISSIONAL;OBRIGAÇÕES PATRONAIS - INTRA-ORÇAMENTÁRIO;TESOURO;58912,38;58912,38;58912,38
2017;11;40.10.3.1.91.13.12.365.0024.2.039.01.210000;SECRETARIA DE EDUCAÇÃO E CIDADANIA;EDUCAÇÃO;EDUCAÇÃO INFANTIL;OBRIGAÇÕES PATRONAIS - INTRA-ORÇAMENTÁRIO;TESOURO;23756,06;23756,06;23756,06
2017;11;40.10.3.1.91.13.12.365.0025.2.041.01.210000;SECRETARIA DE EDUCAÇÃO E CIDADANIA;EDUCAÇÃO;EDUCAÇÃO INFANTIL;OBRIGAÇÕES PATRONAIS - INTRA-ORÇAMENTÁRIO;TESOURO;11332,64;11332,64;11332,64
2017;11;40.10.3.3.50.39.12.361.0027.2.045.01.220000;SECRETARIA DE EDUCAÇÃO E CIDADANIA;EDUCAÇÃO;ENSINO FUNDAMENTAL;OUTROS SERVIÇOS DE TERCEIROS - PESSOA JURÍDICA;TESOURO;0;739915,73;0
2017;11;40.10.3.3.50.43.12.365.0025.2.042.01.210000;SECRETARIA DE EDUCAÇÃO E CIDADANIA;EDUCAÇÃO;EDUCAÇÃO INFANTIL;SUBVENÇÕES SOCIAIS;TESOURO;401758,88;2528777,37;2336192,86
2017;11;40.10.3.3.90.14.12.365.0024.2.003.01.210000;SECRETARIA DE EDUCAÇÃO E CIDADANIA;EDUCAÇÃO;EDUCAÇÃO INFANTIL;DIÁRIAS - PESSOAL CIVIL;TESOURO;0;0;1000
2017;11;40.10.3.3.90.30.12.306.0030.2.049.05.220011;SECRETARIA DE EDUCAÇÃO E CIDADANIA;EDUCAÇÃO;ALIMENTAÇÃO E NUTRIÇÃO;MATERIAL DE CONSUMO;TRANSFERENCIAS E CONVENIOS FEDERAIS - VINCULADOS;1771040,67;424157,38;439301,65
2017;11;40.10.3.3.90.30.12.306.0030.2.049.05.220032;SECRETARIA DE EDUCAÇÃO E CIDADANIA;EDUCAÇÃO;ALIMENTAÇÃO E NUTRIÇÃO;MATERIAL DE CONSUMO;TRANSFERENCIAS E CONVENIOS FEDERAIS - VINCULADOS;450324,65;3226180,39;1632346,6
2017;11;40.10.3.3.90.30.12.361.0022.2.046.01.220000;SECRETARIA DE EDUCAÇÃO E CIDADANIA;EDUCAÇÃO;ENSINO FUNDAMENTAL;MATERIAL DE CONSUMO;TESOURO;587918,41;706172,09;481278,84
2017;11;40.10.3.3.90.30.12.361.0027.2.003.01.220000;SECRETARIA DE EDUCAÇÃO E CIDADANIA;EDUCAÇÃO;ENSINO FUNDAMENTAL;MATERIAL DE CONSUMO;TESOURO;0;0;2000
2017;11;40.10.3.3.90.30.12.361.0027.2.045.01.220000;SECRETARIA DE EDUCAÇÃO E CIDADANIA;EDUCAÇÃO;ENSINO FUNDAMENTAL;MATERIAL DE CONSUMO;TESOURO;334060,19;152207,99;28645,59
2017;11;40.10.3.3.90.30.12.361.0027.2.045.05.220032;SECRETARIA DE EDUCAÇÃO E CIDADANIA;EDUCAÇÃO;ENSINO FUNDAMENTAL;MATERIAL DE CONSUMO;TRANSFERENCIAS E CONVENIOS FEDERAIS - VINCULADOS;41740,7;56710,57;110992,9
2017;11;40.10.3.3.90.30.12.365.0024.2.039.05.210007;SECRETARIA DE EDUCAÇÃO E CIDADANIA;EDUCAÇÃO;EDUCAÇÃO INFANTIL;MATERIAL DE CONSUMO;TRANSFERENCIAS E CONVENIOS FEDERAIS - VINCULADOS;3037,3;0;0
2017;11;40.10.3.3.90.30.12.365.0025.2.041.01.210000;SECRETARIA DE EDUCAÇÃO E CIDADANIA;EDUCAÇÃO;EDUCAÇÃO INFANTIL;MATERIAL DE CONSUMO;TESOURO;39498,1;205000,2;35927,75
2017;11;40.10.3.3.90.30.12.365.0025.2.041.05.210087;SECRETARIA DE EDUCAÇÃO E CIDADANIA;EDUCAÇÃO;EDUCAÇÃO INFANTIL;MATERIAL DE CONSUMO;TRANSFERENCIAS E CONVENIOS FEDERAIS - VINCULADOS;0;17727,8;2422,4
2017;11;40.10.3.3.90.30.12.365.0025.2.041.05.210088;SECRETARIA DE EDUCAÇÃO E CIDADANIA;EDUCAÇÃO;EDUCAÇÃO INFANTIL;MATERIAL DE CONSUMO;TRANSFERENCIAS E CONVENIOS FEDERAIS - VINCULADOS;12558,25;6854;5080,9
2017;11;40.10.3.3.90.36.12.361.0022.2.046.01.220000;SECRETARIA DE EDUCAÇÃO E CIDADANIA;EDUCAÇÃO;ENSINO FUNDAMENTAL;OUTROS SERVIÇOS DE TERCEIROS - PESSOA FÍSICA;TESOURO;0;20503,02;20503,02
2017;11;40.10.3.3.90.36.12.361.0027.2.044.01.220000;SECRETARIA DE EDUCAÇÃO E CIDADANIA;EDUCAÇÃO;ENSINO FUNDAMENTAL;OUTROS SERVIÇOS DE TERCEIROS - PESSOA FÍSICA;TESOURO;289712,29;369445,12;366326,88
2017;11;40.10.3.3.90.36.12.361.0027.2.044.02.220013;SECRETARIA DE EDUCAÇÃO E CIDADANIA;EDUCAÇÃO;ENSINO FUNDAMENTAL;OUTROS SERVIÇOS DE TERCEIROS - PESSOA FÍSICA;TRANSFERENCIAS E CONVENIOS ESTADUAIS - VINCULADOS;394098,34;822032,68;795301,08
2017;11;40.10.3.3.90.36.12.361.0027.2.044.05.220007;SECRETARIA DE EDUCAÇÃO E CIDADANIA;EDUCAÇÃO;ENSINO FUNDAMENTAL;OUTROS SERVIÇOS DE TERCEIROS - PESSOA FÍSICA;TRANSFERENCIAS E CONVENIOS FEDERAIS - VINCULADOS;96003;54101,84;46301,52
2017;11;40.10.3.3.90.36.12.361.0027.2.045.01.220000;SECRETARIA DE EDUCAÇÃO E CIDADANIA;EDUCAÇÃO;ENSINO FUNDAMENTAL;OUTROS SERVIÇOS DE TERCEIROS - PESSOA FÍSICA;TESOURO;160,87;390718,33;391582,48
2017;11;40.10.3.3.90.36.12.365.0024.2.039.01.210000;SECRETARIA DE EDUCAÇÃO E CIDADANIA;EDUCAÇÃO;EDUCAÇÃO INFANTIL;OUTROS SERVIÇOS DE TERCEIROS - PESSOA FÍSICA;TESOURO;496,32;312300,69;314197,59
2017;11;40.10.3.3.90.36.12.365.0024.2.040.01.210000;SECRETARIA DE EDUCAÇÃO E CIDADANIA;EDUCAÇÃO;EDUCAÇÃO INFANTIL;OUTROS SERVIÇOS DE TERCEIROS - PESSOA FÍSICA;TESOURO;9152;0;0
2017;11;40.10.3.3.90.36.12.365.0025.2.041.01.210000;SECRETARIA DE EDUCAÇÃO E CIDADANIA;EDUCAÇÃO;EDUCAÇÃO INFANTIL;OUTROS SERVIÇOS DE TERCEIROS - PESSOA FÍSICA;TESOURO;0;141795,95;141795,95
2017;11;40.10.3.3.90.37.12.361.0027.2.024.01.220000;SECRETARIA DE EDUCAÇÃO E CIDADANIA;EDUCAÇÃO;ENSINO FUNDAMENTAL;LOCAÇÃO DE MÃO-DE-OBRA;TESOURO;732067,08;2478224,44;2275439,17
2017;11;40.10.3.3.90.39.04.122.0022.2.036.01.110000;SECRETARIA DE EDUCAÇÃO E CIDADANIA;ADMINISTRAÇÃO;ADMINISTRAÇÃO GERAL;OUTROS SERVIÇOS DE TERCEIROS - PESSOA JURÍDICA;TESOURO;0;348106,64;173553,32
2017;11;40.10.3.3.90.39.04.122.0022.2.181.01.220000;SECRETARIA DE EDUCAÇÃO E CIDADANIA;ADMINISTRAÇÃO;ADMINISTRAÇÃO GERAL;OUTROS SERVIÇOS DE TERCEIROS - PESSOA JURÍDICA;TESOURO;109788,07;109788,07;109788,07
2017;11;40.10.3.3.90.39.12.306.0030.2.049.05.220032;SECRETARIA DE EDUCAÇÃO E CIDADANIA;EDUCAÇÃO;ALIMENTAÇÃO E NUTRIÇÃO;OUTROS SERVIÇOS DE TERCEIROS - PESSOA JURÍDICA;TRANSFERENCIAS E CONVENIOS FEDERAIS - VINCULADOS;427000;1657614,74;1698576,33
2017;11;40.10.3.3.90.39.12.361.0022.2.021.01.220000;SECRETARIA DE EDUCAÇÃO E CIDADANIA;EDUCAÇÃO;ENSINO FUNDAMENTAL;OUTROS SERVIÇOS DE TERCEIROS - PESSOA JURÍDICA;TESOURO;0;830125,38;826116,02
2017;11;40.10.3.3.90.39.12.361.0022.2.037.01.220000;SECRETARIA DE EDUCAÇÃO E CIDADANIA;EDUCAÇÃO;ENSINO FUNDAMENTAL;OUTROS SERVIÇOS DE TERCEIROS - PESSOA JURÍDICA;TESOURO;208997,5;218681,25;218681,25
2017;11;40.10.3.3.90.39.12.361.0022.2.046.01.100103;SECRETARIA DE EDUCAÇÃO E CIDADANIA;EDUCAÇÃO;ENSINO FUNDAMENTAL;OUTROS SERVIÇOS DE TERCEIROS - PESSOA JURÍDICA;TESOURO;0;426708,25;426708,25
2017;11;40.10.3.3.90.39.12.361.0022.2.046.01.220000;SECRETARIA DE EDUCAÇÃO E CIDADANIA;EDUCAÇÃO;ENSINO FUNDAMENTAL;OUTROS SERVIÇOS DE TERCEIROS - PESSOA JURÍDICA;TESOURO;349167,28;639163,85;426997,48
2017;11;40.10.3.3.90.39.12.361.0027.2.003.01.220000;SECRETARIA DE EDUCAÇÃO E CIDADANIA;EDUCAÇÃO;ENSINO FUNDAMENTAL;OUTROS SERVIÇOS DE TERCEIROS - PESSOA JURÍDICA;TESOURO;0;0;2000
2017;11;40.10.3.3.90.39.12.361.0027.2.037.01.220000;SECRETARIA DE EDUCAÇÃO E CIDADANIA;EDUCAÇÃO;ENSINO FUNDAMENTAL;OUTROS SERVIÇOS DE TERCEIROS - PESSOA JURÍDICA;TESOURO;0;49464,12;49464,12
2017;11;40.10.3.3.90.39.12.361.0027.2.044.02.220013;SECRETARIA DE EDUCAÇÃO E CIDADANIA;EDUCAÇÃO;ENSINO FUNDAMENTAL;OUTROS SERVIÇOS DE TERCEIROS - PESSOA JURÍDICA;TRANSFERENCIAS E CONVENIOS ESTADUAIS - VINCULADOS;412460;416577,87;412460
2017;11;40.10.3.3.90.39.12.361.0027.2.045.01.220000;SECRETARIA DE EDUCAÇÃO E CIDADANIA;EDUCAÇÃO;ENSINO FUNDAMENTAL;OUTROS SERVIÇOS DE TERCEIROS - PESSOA JURÍDICA;TESOURO;2512502,9;5647298,36;5647161,68
2017;11;40.10.3.3.90.39.12.361.0027.2.045.05.220032;SECRETARIA DE EDUCAÇÃO E CIDADANIA;EDUCAÇÃO;ENSINO FUNDAMENTAL;OUTROS SERVIÇOS DE TERCEIROS - PESSOA JURÍDICA;TRANSFERENCIAS E CONVENIOS FEDERAIS - VINCULADOS;-176954,31;22360,79;96909,53
2017;11;40.10.3.3.90.39.12.363.0029.2.048.01.200000;SECRETARIA DE EDUCAÇÃO E CIDADANIA;EDUCAÇÃO;ENSINO PROFISSIONAL;OUTROS SERVIÇOS DE TERCEIROS - PESSOA JURÍDICA;TESOURO;376;50017,8;37317,8
2017;11;40.10.3.3.90.39.12.365.0024.2.010.01.210000;SECRETARIA DE EDUCAÇÃO E CIDADANIA;EDUCAÇÃO;EDUCAÇÃO INFANTIL;OUTROS SERVIÇOS DE TERCEIROS - PESSOA JURÍDICA;TESOURO;0;13348,15;13348,15
2017;11;40.10.3.3.90.39.12.365.0024.2.037.01.210000;SECRETARIA DE EDUCAÇÃO E CIDADANIA;EDUCAÇÃO;EDUCAÇÃO INFANTIL;OUTROS SERVIÇOS DE TERCEIROS - PESSOA JURÍDICA;TESOURO;36998,4;57591,13;57591,13
2017;11;40.10.3.3.90.39.12.365.0025.2.037.01.210000;SECRETARIA DE EDUCAÇÃO E CIDADANIA;EDUCAÇÃO;EDUCAÇÃO INFANTIL;OUTROS SERVIÇOS DE TERCEIROS - PESSOA JURÍDICA;TESOURO;0;3733,05;3733,05
2017;11;40.10.3.3.90.39.12.365.0025.2.041.01.210000;SECRETARIA DE EDUCAÇÃO E CIDADANIA;EDUCAÇÃO;EDUCAÇÃO INFANTIL;OUTROS SERVIÇOS DE TERCEIROS - PESSOA JURÍDICA;TESOURO;0;136162,8;136162,8
2017;11;40.10.3.3.90.39.12.365.0025.2.041.05.210087;SECRETARIA DE EDUCAÇÃO E CIDADANIA;EDUCAÇÃO;EDUCAÇÃO INFANTIL;OUTROS SERVIÇOS DE TERCEIROS - PESSOA JURÍDICA;TRANSFERENCIAS E CONVENIOS FEDERAIS - VINCULADOS;0;4826,76;0
2017;11;40.10.3.3.90.39.12.365.0025.2.041.05.210088;SECRETARIA DE EDUCAÇÃO E CIDADANIA;EDUCAÇÃO;EDUCAÇÃO INFANTIL;OUTROS SERVIÇOS DE TERCEIROS - PESSOA JURÍDICA;TRANSFERENCIAS E CONVENIOS FEDERAIS - VINCULADOS;-16766;3206,8;3266,8
2017;11;40.10.3.3.90.46.12.361.0022.2.037.01.220000;SECRETARIA DE EDUCAÇÃO E CIDADANIA;EDUCAÇÃO;ENSINO FUNDAMENTAL;AUXÍLIO ALIMENTAÇÃO;TESOURO;36600;36600;36600
2017;11;40.10.3.3.90.46.12.361.0027.2.037.01.220000;SECRETARIA DE EDUCAÇÃO E CIDADANIA;EDUCAÇÃO;ENSINO FUNDAMENTAL;AUXÍLIO ALIMENTAÇÃO;TESOURO;454785,28;454785,28;454785,28
2017;11;40.10.3.3.90.46.12.363.0029.2.037.01.200000;SECRETARIA DE EDUCAÇÃO E CIDADANIA;EDUCAÇÃO;ENSINO PROFISSIONAL;AUXÍLIO ALIMENTAÇÃO;TESOURO;8636;8636;8636
2017;11;40.10.3.3.90.46.12.365.0024.2.037.01.210000;SECRETARIA DE EDUCAÇÃO E CIDADANIA;EDUCAÇÃO;EDUCAÇÃO INFANTIL;AUXÍLIO ALIMENTAÇÃO;TESOURO;310556,24;310556,24;310556,24
2017;11;40.10.3.3.90.46.12.365.0025.2.037.01.210000;SECRETARIA DE EDUCAÇÃO E CIDADANIA;EDUCAÇÃO;EDUCAÇÃO INFANTIL;AUXÍLIO ALIMENTAÇÃO;TESOURO;108621,04;108621,04;108621,04
2017;11;40.10.3.3.90.46.12.366.0026.2.037.01.220000;SECRETARIA DE EDUCAÇÃO E CIDADANIA;EDUCAÇÃO;EDUCAÇÃO DE JOVENS E ADULTOS;AUXÍLIO ALIMENTAÇÃO;TESOURO;306;306;306
2017;11;40.10.3.3.90.93.12.361.0027.2.044.01.220000;SECRETARIA DE EDUCAÇÃO E CIDADANIA;EDUCAÇÃO;ENSINO FUNDAMENTAL;INDENIZAÇÕES E RESTITUIÇÕES;TESOURO;341366,86;341366,86;341366,86
2017;11;40.10.3.3.90.93.12.365.0025.2.041.01.210000;SECRETARIA DE EDUCAÇÃO E CIDADANIA;EDUCAÇÃO;EDUCAÇÃO INFANTIL;INDENIZAÇÕES E RESTITUIÇÕES;TESOURO;25914,95;25914,95;25914,95
2017;11;40.10.4.4.90.51.12.361.0027.1.021.01.100107;SECRETARIA DE EDUCAÇÃO E CIDADANIA;EDUCAÇÃO;ENSINO FUNDAMENTAL;OBRAS E INSTALAÇÕES;TESOURO;0;1148971,61;1148971,61
2017;11;40.10.4.4.90.51.12.361.0027.1.021.01.220000;SECRETARIA DE EDUCAÇÃO E CIDADANIA;EDUCAÇÃO;ENSINO FUNDAMENTAL;OBRAS E INSTALAÇÕES;TESOURO;-250000;76260,71;95164,79
2017;11;40.10.4.4.90.51.12.365.0025.1.018.01.210000;SECRETARIA DE EDUCAÇÃO E CIDADANIA;EDUCAÇÃO;EDUCAÇÃO INFANTIL;OBRAS E INSTALAÇÕES;TESOURO;-576104,26;-576104,26;-576104,26
2017;11;40.10.4.4.90.51.12.365.0025.1.018.05.210067;SECRETARIA DE EDUCAÇÃO E CIDADANIA;EDUCAÇÃO;EDUCAÇÃO INFANTIL;OBRAS E INSTALAÇÕES;TRANSFERENCIAS E CONVENIOS FEDERAIS - VINCULADOS;-782278,54;1358382,8;1358382,8
2017;11;40.10.4.4.90.52.12.361.0027.2.045.01.220000;SECRETARIA DE EDUCAÇÃO E CIDADANIA;EDUCAÇÃO;ENSINO FUNDAMENTAL;EQUIPAMENTOS E MATERIAL PERMANENTE;TESOURO;4519337,9;469430,13;34420,65
2017;11;40.10.4.4.90.52.12.365.0025.2.041.05.210087;SECRETARIA DE EDUCAÇÃO E CIDADANIA;EDUCAÇÃO;EDUCAÇÃO INFANTIL;EQUIPAMENTOS E MATERIAL PERMANENTE;TRANSFERENCIAS E CONVENIOS FEDERAIS - VINCULADOS;64898,92;12738,8;55083,16
2017;11;40.10.4.4.90.61.12.361.0027.1.020.01.220000;SECRETARIA DE EDUCAÇÃO E CIDADANIA;EDUCAÇÃO;ENSINO FUNDAMENTAL;AQUISIÇÃO DE IMÓVEIS;TESOURO;4746755,38;0;0
2017;11;40.20.3.1.90.04.12.361.0027.2.081.02.261000;SECRETARIA DE EDUCAÇÃO E CIDADANIA;EDUCAÇÃO;ENSINO FUNDAMENTAL;CONTRATAÇÃO POR TEMPO DETERMINADO;TRANSFERENCIAS E CONVENIOS ESTADUAIS - VINCULADOS;3029358,69;3029358,69;3029358,69
2017;11;40.20.3.1.90.04.12.365.0024.2.083.02.261000;SECRETARIA DE EDUCAÇÃO E CIDADANIA;EDUCAÇÃO;EDUCAÇÃO INFANTIL;CONTRATAÇÃO POR TEMPO DETERMINADO;TRANSFERENCIAS E CONVENIOS ESTADUAIS - VINCULADOS;1526000;1526000;1526000
2017;11;40.20.3.1.90.04.12.365.0025.2.085.02.261000;SECRETARIA DE EDUCAÇÃO E CIDADANIA;EDUCAÇÃO;EDUCAÇÃO INFANTIL;CONTRATAÇÃO POR TEMPO DETERMINADO;TRANSFERENCIAS E CONVENIOS ESTADUAIS - VINCULADOS;358149,1;358149,1;358149,1
2017;11;40.20.3.1.90.11.12.361.0027.2.081.02.261000;SECRETARIA DE EDUCAÇÃO E CIDADANIA;EDUCAÇÃO;ENSINO FUNDAMENTAL;VENCIMENTOS E VANTAGENS FIXAS -  PESSOAL CIVIL;TRANSFERENCIAS E CONVENIOS ESTADUAIS - VINCULADOS;7456607,65;7456607,65;7456607,65
2017;11;40.20.3.1.90.11.12.365.0024.2.083.02.261000;SECRETARIA DE EDUCAÇÃO E CIDADANIA;EDUCAÇÃO;EDUCAÇÃO INFANTIL;VENCIMENTOS E VANTAGENS FIXAS -  PESSOAL CIVIL;TRANSFERENCIAS E CONVENIOS ESTADUAIS - VINCULADOS;7848592,74;7848592,74;7848592,74
2017;11;40.20.3.1.90.11.12.365.0025.2.085.02.261000;SECRETARIA DE EDUCAÇÃO E CIDADANIA;EDUCAÇÃO;EDUCAÇÃO INFANTIL;VENCIMENTOS E VANTAGENS FIXAS -  PESSOAL CIVIL;TRANSFERENCIAS E CONVENIOS ESTADUAIS - VINCULADOS;1911878,99;1911878,99;1911878,99
2017;11;40.20.3.1.90.13.12.361.0027.2.081.02.261000;SECRETARIA DE EDUCAÇÃO E CIDADANIA;EDUCAÇÃO;ENSINO FUNDAMENTAL;OBRIGAÇÕES PATRONAIS;TRANSFERENCIAS E CONVENIOS ESTADUAIS - VINCULADOS;331266,46;331266,46;331266,46
2017;11;40.20.3.1.90.13.12.361.0027.2.082.02.262000;SECRETARIA DE EDUCAÇÃO E CIDADANIA;EDUCAÇÃO;ENSINO FUNDAMENTAL;OBRIGAÇÕES PATRONAIS;TRANSFERENCIAS E CONVENIOS ESTADUAIS - VINCULADOS;82816,62;82816,62;82816,62
2017;11;40.20.3.1.90.13.12.365.0024.2.083.02.261000;SECRETARIA DE EDUCAÇÃO E CIDADANIA;EDUCAÇÃO;EDUCAÇÃO INFANTIL;OBRIGAÇÕES PATRONAIS;TRANSFERENCIAS E CONVENIOS ESTADUAIS - VINCULADOS;171456,89;171456,89;171456,89
2017;11;40.20.3.1.90.13.12.365.0024.2.084.02.262000;SECRETARIA DE EDUCAÇÃO E CIDADANIA;EDUCAÇÃO;EDUCAÇÃO INFANTIL;OBRIGAÇÕES PATRONAIS;TRANSFERENCIAS E CONVENIOS ESTADUAIS - VINCULADOS;42864,23;42864,23;42864,23
2017;11;40.20.3.1.90.13.12.365.0025.2.085.02.261000;SECRETARIA DE EDUCAÇÃO E CIDADANIA;EDUCAÇÃO;EDUCAÇÃO INFANTIL;OBRIGAÇÕES PATRONAIS;TRANSFERENCIAS E CONVENIOS ESTADUAIS - VINCULADOS;38583,49;38583,49;38583,49
2017;11;40.20.3.1.90.13.12.365.0025.2.086.02.262000;SECRETARIA DE EDUCAÇÃO E CIDADANIA;EDUCAÇÃO;EDUCAÇÃO INFANTIL;OBRIGAÇÕES PATRONAIS;TRANSFERENCIAS E CONVENIOS ESTADUAIS - VINCULADOS;9645,87;9645,87;9645,87
2017;11;40.20.3.1.90.16.12.361.0027.2.081.02.261000;SECRETARIA DE EDUCAÇÃO E CIDADANIA;EDUCAÇÃO;ENSINO FUNDAMENTAL;OUTRAS DESPESAS VARIÁVEIS - PESSOAL CIVIL;TRANSFERENCIAS E CONVENIOS ESTADUAIS - VINCULADOS;210159,68;210159,68;210159,68
2017;11;40.20.3.1.90.16.12.365.0024.2.083.02.261000;SECRETARIA DE EDUCAÇÃO E CIDADANIA;EDUCAÇÃO;EDUCAÇÃO INFANTIL;OUTRAS DESPESAS VARIÁVEIS - PESSOAL CIVIL;TRANSFERENCIAS E CONVENIOS ESTADUAIS - VINCULADOS;127598,88;127598,88;127598,88
2017;11;40.20.3.1.90.16.12.365.0025.2.085.02.261000;SECRETARIA DE EDUCAÇÃO E CIDADANIA;EDUCAÇÃO;EDUCAÇÃO INFANTIL;OUTRAS DESPESAS VARIÁVEIS - PESSOAL CIVIL;TRANSFERENCIAS E CONVENIOS ESTADUAIS - VINCULADOS;47714,94;47714,94;47714,94
2017;11;40.20.3.1.90.94.12.361.0027.2.081.02.261000;SECRETARIA DE EDUCAÇÃO E CIDADANIA;EDUCAÇÃO;ENSINO FUNDAMENTAL;INDENIZAÇÕES E RESTITUIÇÕES TRABALHISTAS;TRANSFERENCIAS E CONVENIOS ESTADUAIS - VINCULADOS;37295,26;37295,26;46359,37
2017;11;40.20.3.1.90.94.12.365.0024.2.083.02.261000;SECRETARIA DE EDUCAÇÃO E CIDADANIA;EDUCAÇÃO;EDUCAÇÃO INFANTIL;INDENIZAÇÕES E RESTITUIÇÕES TRABALHISTAS;TRANSFERENCIAS E CONVENIOS ESTADUAIS - VINCULADOS;33108,89;33108,89;33108,89
2017;11;40.20.3.1.90.94.12.365.0025.2.085.02.261000;SECRETARIA DE EDUCAÇÃO E CIDADANIA;EDUCAÇÃO;EDUCAÇÃO INFANTIL;INDENIZAÇÕES E RESTITUIÇÕES TRABALHISTAS;TRANSFERENCIAS E CONVENIOS ESTADUAIS - VINCULADOS;1654,61;1654,61;2455,39
2017;11;40.20.3.1.91.13.12.361.0027.2.081.02.261000;SECRETARIA DE EDUCAÇÃO E CIDADANIA;EDUCAÇÃO;ENSINO FUNDAMENTAL;OBRIGAÇÕES PATRONAIS - INTRA-ORÇAMENTÁRIO;TRANSFERENCIAS E CONVENIOS ESTADUAIS - VINCULADOS;3188283,13;3188283,13;3188283,13
2017;11;40.20.3.1.91.13.12.361.0027.2.082.02.262000;SECRETARIA DE EDUCAÇÃO E CIDADANIA;EDUCAÇÃO;ENSINO FUNDAMENTAL;OBRIGAÇÕES PATRONAIS - INTRA-ORÇAMENTÁRIO;TRANSFERENCIAS E CONVENIOS ESTADUAIS - VINCULADOS;797070,79;797070,79;797070,79
2017;11;40.20.3.1.91.13.12.365.0024.2.083.02.261000;SECRETARIA DE EDUCAÇÃO E CIDADANIA;EDUCAÇÃO;EDUCAÇÃO INFANTIL;OBRIGAÇÕES PATRONAIS - INTRA-ORÇAMENTÁRIO;TRANSFERENCIAS E CONVENIOS ESTADUAIS - VINCULADOS;1990798,33;1990798,33;1990798,33
2017;11;40.20.3.1.91.13.12.365.0024.2.084.02.262000;SECRETARIA DE EDUCAÇÃO E CIDADANIA;EDUCAÇÃO;EDUCAÇÃO INFANTIL;OBRIGAÇÕES PATRONAIS - INTRA-ORÇAMENTÁRIO;TRANSFERENCIAS E CONVENIOS ESTADUAIS - VINCULADOS;497699,59;497699,59;497699,59
2017;11;40.20.3.1.91.13.12.365.0025.2.085.02.261000;SECRETARIA DE EDUCAÇÃO E CIDADANIA;EDUCAÇÃO;EDUCAÇÃO INFANTIL;OBRIGAÇÕES PATRONAIS - INTRA-ORÇAMENTÁRIO;TRANSFERENCIAS E CONVENIOS ESTADUAIS - VINCULADOS;382018,52;382018,52;382018,52
2017;11;40.20.3.1.91.13.12.365.0025.2.086.02.262000;SECRETARIA DE EDUCAÇÃO E CIDADANIA;EDUCAÇÃO;EDUCAÇÃO INFANTIL;OBRIGAÇÕES PATRONAIS - INTRA-ORÇAMENTÁRIO;TRANSFERENCIAS E CONVENIOS ESTADUAIS - VINCULADOS;95504,62;95504,62;95504,62
2017;11;45.10.3.1.90.11.27.812.0031.2.050.01.110000;SECRETARIA DE ESPORTE E QUALIDADE DE VIDA;DESPORTO E LAZER;DESPORTO COMUNITÁRIO;VENCIMENTOS E VANTAGENS FIXAS -  PESSOAL CIVIL;TESOURO;1190816,05;1190816,05;1190816,05
2017;11;45.10.3.1.90.16.27.812.0031.2.050.01.110000;SECRETARIA DE ESPORTE E QUALIDADE DE VIDA;DESPORTO E LAZER;DESPORTO COMUNITÁRIO;OUTRAS DESPESAS VARIÁVEIS - PESSOAL CIVIL;TESOURO;16176,58;16176,58;16176,58
2017;11;45.10.3.3.90.30.27.812.0031.2.003.01.110000;SECRETARIA DE ESPORTE E QUALIDADE DE VIDA;DESPORTO E LAZER;DESPORTO COMUNITÁRIO;MATERIAL DE CONSUMO;TESOURO;3695,01;3695,01;3695,01
2017;11;45.10.3.3.90.30.27.812.0031.2.050.01.110000;SECRETARIA DE ESPORTE E QUALIDADE DE VIDA;DESPORTO E LAZER;DESPORTO COMUNITÁRIO;MATERIAL DE CONSUMO;TESOURO;58642,3;144104,75;26410,07
2017;11;45.10.3.3.90.36.27.812.0031.2.050.01.110000;SECRETARIA DE ESPORTE E QUALIDADE DE VIDA;DESPORTO E LAZER;DESPORTO COMUNITÁRIO;OUTROS SERVIÇOS DE TERCEIROS - PESSOA FÍSICA;TESOURO;0;13915,36;13915,36
2017;11;45.10.3.3.90.39.27.811.0079.2.053.01.110000;SECRETARIA DE ESPORTE E QUALIDADE DE VIDA;DESPORTO E LAZER;DESPORTO DE RENDIMENTO;OUTROS SERVIÇOS DE TERCEIROS - PESSOA JURÍDICA;TESOURO;158732,52;157482,52;164398,52
2017;11;45.10.3.3.90.39.27.811.0079.2.053.03.100014;SECRETARIA DE ESPORTE E QUALIDADE DE VIDA;DESPORTO E LAZER;DESPORTO DE RENDIMENTO;OUTROS SERVIÇOS DE TERCEIROS - PESSOA JURÍDICA;RECURSOS PROPRIOS DE FUNDOS ESPECIAIS DE DESPESA - VINCULADOS;80415,67;144290,67;80415,67
2017;11;45.10.3.3.90.39.27.812.0031.2.003.01.110000;SECRETARIA DE ESPORTE E QUALIDADE DE VIDA;DESPORTO E LAZER;DESPORTO COMUNITÁRIO;OUTROS SERVIÇOS DE TERCEIROS - PESSOA JURÍDICA;TESOURO;-128;-128;-128
2017;11;45.10.3.3.90.39.27.812.0031.2.010.01.110000;SECRETARIA DE ESPORTE E QUALIDADE DE VIDA;DESPORTO E LAZER;DESPORTO COMUNITÁRIO;OUTROS SERVIÇOS DE TERCEIROS - PESSOA JURÍDICA;TESOURO;0;3696,61;3696,61
2017;11;45.10.3.3.90.39.27.812.0031.2.050.01.110000;SECRETARIA DE ESPORTE E QUALIDADE DE VIDA;DESPORTO E LAZER;DESPORTO COMUNITÁRIO;OUTROS SERVIÇOS DE TERCEIROS - PESSOA JURÍDICA;TESOURO;64767,15;45273,56;36042,78
2017;11;45.10.3.3.90.48.27.811.0079.2.053.01.110000;SECRETARIA DE ESPORTE E QUALIDADE DE VIDA;DESPORTO E LAZER;DESPORTO DE RENDIMENTO;OUTROS AUXÍLIOS FINANCEIROS A PESSOA FÍSICA;TESOURO;479211,74;479211,74;655336,72
2017;11;45.10.3.3.90.48.27.811.0079.2.053.03.100014;SECRETARIA DE ESPORTE E QUALIDADE DE VIDA;DESPORTO E LAZER;DESPORTO DE RENDIMENTO;OUTROS AUXÍLIOS FINANCEIROS A PESSOA FÍSICA;RECURSOS PROPRIOS DE FUNDOS ESPECIAIS DE DESPESA - VINCULADOS;-48011,88;155334,25;219395,75
2017;11;45.10.4.4.90.52.27.812.0031.2.050.01.110000;SECRETARIA DE ESPORTE E QUALIDADE DE VIDA;DESPORTO E LAZER;DESPORTO COMUNITÁRIO;EQUIPAMENTOS E MATERIAL PERMANENTE;TESOURO;306;581,01;0
2017;11;45.30.3.3.50.39.27.812.0032.2.052.01.110000;SECRETARIA DE ESPORTE E QUALIDADE DE VIDA;DESPORTO E LAZER;DESPORTO COMUNITÁRIO;OUTROS SERVIÇOS DE TERCEIROS - PESSOA JURÍDICA;TESOURO;0;1656622,11;1463227,4
2017;11;45.30.3.3.90.30.27.812.0032.2.003.01.110000;SECRETARIA DE ESPORTE E QUALIDADE DE VIDA;DESPORTO E LAZER;DESPORTO COMUNITÁRIO;MATERIAL DE CONSUMO;TESOURO;-224,32;-224,32;1275,68
2017;11;45.30.3.3.90.30.27.812.0032.2.052.01.110000;SECRETARIA DE ESPORTE E QUALIDADE DE VIDA;DESPORTO E LAZER;DESPORTO COMUNITÁRIO;MATERIAL DE CONSUMO;TESOURO;32949,7;21843,82;19841,87
2017;11;45.30.3.3.90.36.27.812.0032.2.003.01.110000;SECRETARIA DE ESPORTE E QUALIDADE DE VIDA;DESPORTO E LAZER;DESPORTO COMUNITÁRIO;OUTROS SERVIÇOS DE TERCEIROS - PESSOA FÍSICA;TESOURO;3000;3000;3000
2017;11;45.30.3.3.90.36.27.812.0032.2.052.01.110000;SECRETARIA DE ESPORTE E QUALIDADE DE VIDA;DESPORTO E LAZER;DESPORTO COMUNITÁRIO;OUTROS SERVIÇOS DE TERCEIROS - PESSOA FÍSICA;TESOURO;167200,3;164990,3;164098,49
2017;11;45.30.3.3.90.39.14.422.0069.2.147.01.110000;SECRETARIA DE ESPORTE E QUALIDADE DE VIDA;DIREITOS DA CIDADANIA;DIREITOS INDIVIDUAIS, COLETIVOS E DIFUSOS;OUTROS SERVIÇOS DE TERCEIROS - PESSOA JURÍDICA;TESOURO;43368,73;12890,51;16553,67
2017;11;45.30.3.3.90.39.27.812.0032.2.003.01.110000;SECRETARIA DE ESPORTE E QUALIDADE DE VIDA;DESPORTO E LAZER;DESPORTO COMUNITÁRIO;OUTROS SERVIÇOS DE TERCEIROS - PESSOA JURÍDICA;TESOURO;-2003,87;-2003,87;-2003,87
2017;11;45.30.3.3.90.39.27.812.0032.2.052.01.110000;SECRETARIA DE ESPORTE E QUALIDADE DE VIDA;DESPORTO E LAZER;DESPORTO COMUNITÁRIO;OUTROS SERVIÇOS DE TERCEIROS - PESSOA JURÍDICA;TESOURO;103622,11;80732,51;67340,43
2017;11;50.10.3.1.90.11.08.244.0036.2.188.01.510000;SECRETARIA DE APOIO SOCIAL AO CIDADÃO;ASSISTÊNCIA SOCIAL;ASSISTÊNCIA COMUNITÁRIA;VENCIMENTOS E VANTAGENS FIXAS -  PESSOAL CIVIL;TESOURO;1557105,11;1557105,11;1557105,11
2017;11;50.10.3.1.90.16.08.244.0036.2.188.01.510000;SECRETARIA DE APOIO SOCIAL AO CIDADÃO;ASSISTÊNCIA SOCIAL;ASSISTÊNCIA COMUNITÁRIA;OUTRAS DESPESAS VARIÁVEIS - PESSOAL CIVIL;TESOURO;46565,85;46565,85;46565,85
2017;11;50.10.3.3.90.14.08.244.0036.2.003.01.510000;SECRETARIA DE APOIO SOCIAL AO CIDADÃO;ASSISTÊNCIA SOCIAL;ASSISTÊNCIA COMUNITÁRIA;DIÁRIAS - PESSOAL CIVIL;TESOURO;1000;1000;1000
2017;11;50.10.3.3.90.30.08.244.0036.2.003.01.510000;SECRETARIA DE APOIO SOCIAL AO CIDADÃO;ASSISTÊNCIA SOCIAL;ASSISTÊNCIA COMUNITÁRIA;MATERIAL DE CONSUMO;TESOURO;5000;5000;5000
2017;11;50.10.3.3.90.30.08.244.0036.2.188.01.510000;SECRETARIA DE APOIO SOCIAL AO CIDADÃO;ASSISTÊNCIA SOCIAL;ASSISTÊNCIA COMUNITÁRIA;MATERIAL DE CONSUMO;TESOURO;0;172;1211,25
2017;11;50.10.3.3.90.32.08.244.0036.2.189.01.510000;SECRETARIA DE APOIO SOCIAL AO CIDADÃO;ASSISTÊNCIA SOCIAL;ASSISTÊNCIA COMUNITÁRIA;MATERIAL, BEM OU SERVIÇO PARA DISTRIBUIÇÃO GRATUITA;TESOURO;50685,68;44475,68;34804,45
2017;11;50.10.3.3.90.32.08.244.0036.2.190.01.510000;SECRETARIA DE APOIO SOCIAL AO CIDADÃO;ASSISTÊNCIA SOCIAL;ASSISTÊNCIA COMUNITÁRIA;MATERIAL, BEM OU SERVIÇO PARA DISTRIBUIÇÃO GRATUITA;TESOURO;60477,5;60477,5;60477,5
2017;11;50.10.3.3.90.36.08.244.0036.2.064.01.510000;SECRETARIA DE APOIO SOCIAL AO CIDADÃO;ASSISTÊNCIA SOCIAL;ASSISTÊNCIA COMUNITÁRIA;OUTROS SERVIÇOS DE TERCEIROS - PESSOA FÍSICA;TESOURO;134966,25;134966,25;129135,7
2017;11;50.10.3.3.90.36.08.244.0036.2.188.01.510000;SECRETARIA DE APOIO SOCIAL AO CIDADÃO;ASSISTÊNCIA SOCIAL;ASSISTÊNCIA COMUNITÁRIA;OUTROS SERVIÇOS DE TERCEIROS - PESSOA FÍSICA;TESOURO;0;14724,29;14724,29
2017;11;50.10.3.3.90.39.08.244.0036.2.003.01.510000;SECRETARIA DE APOIO SOCIAL AO CIDADÃO;ASSISTÊNCIA SOCIAL;ASSISTÊNCIA COMUNITÁRIA;OUTROS SERVIÇOS DE TERCEIROS - PESSOA JURÍDICA;TESOURO;1000;1000;1000
2017;11;50.10.3.3.90.39.08.244.0036.2.010.01.510000;SECRETARIA DE APOIO SOCIAL AO CIDADÃO;ASSISTÊNCIA SOCIAL;ASSISTÊNCIA COMUNITÁRIA;OUTROS SERVIÇOS DE TERCEIROS - PESSOA JURÍDICA;TESOURO;0;16326,22;24941,01
2017;11;50.10.3.3.90.39.08.244.0036.2.064.01.510000;SECRETARIA DE APOIO SOCIAL AO CIDADÃO;ASSISTÊNCIA SOCIAL;ASSISTÊNCIA COMUNITÁRIA;OUTROS SERVIÇOS DE TERCEIROS - PESSOA JURÍDICA;TESOURO;0;2224,25;2224,25
2017;11;50.10.3.3.90.39.08.244.0036.2.188.01.510000;SECRETARIA DE APOIO SOCIAL AO CIDADÃO;ASSISTÊNCIA SOCIAL;ASSISTÊNCIA COMUNITÁRIA;OUTROS SERVIÇOS DE TERCEIROS - PESSOA JURÍDICA;TESOURO;44981,31;170415,65;234735,81
2017;11;50.10.3.3.90.39.08.244.0036.2.190.01.510000;SECRETARIA DE APOIO SOCIAL AO CIDADÃO;ASSISTÊNCIA SOCIAL;ASSISTÊNCIA COMUNITÁRIA;OUTROS SERVIÇOS DE TERCEIROS - PESSOA JURÍDICA;TESOURO;0;364,9;372,28
2017;11;50.10.3.3.90.48.08.244.0036.2.189.01.500084;SECRETARIA DE APOIO SOCIAL AO CIDADÃO;ASSISTÊNCIA SOCIAL;ASSISTÊNCIA COMUNITÁRIA;OUTROS AUXÍLIOS FINANCEIROS A PESSOA FÍSICA;TESOURO;25000;25000;25000
2017;11;50.10.3.3.90.48.08.244.0036.2.189.01.500085;SECRETARIA DE APOIO SOCIAL AO CIDADÃO;ASSISTÊNCIA SOCIAL;ASSISTÊNCIA COMUNITÁRIA;OUTROS AUXÍLIOS FINANCEIROS A PESSOA FÍSICA;TESOURO;85000;85000;85000
2017;11;50.10.3.3.90.48.08.244.0036.2.189.01.500086;SECRETARIA DE APOIO SOCIAL AO CIDADÃO;ASSISTÊNCIA SOCIAL;ASSISTÊNCIA COMUNITÁRIA;OUTROS AUXÍLIOS FINANCEIROS A PESSOA FÍSICA;TESOURO;42000;42000;42000
2017;11;50.10.3.3.90.48.08.244.0036.2.190.01.510000;SECRETARIA DE APOIO SOCIAL AO CIDADÃO;ASSISTÊNCIA SOCIAL;ASSISTÊNCIA COMUNITÁRIA;OUTROS AUXÍLIOS FINANCEIROS A PESSOA FÍSICA;TESOURO;376675,32;376675,32;379108,32
2017;11;50.10.3.3.90.93.08.244.0036.2.188.01.510000;SECRETARIA DE APOIO SOCIAL AO CIDADÃO;ASSISTÊNCIA SOCIAL;ASSISTÊNCIA COMUNITÁRIA;INDENIZAÇÕES E RESTITUIÇÕES;TESOURO;0;0;12524,86
2017;11;50.10.3.3.91.37.08.244.0036.2.188.01.510000;SECRETARIA DE APOIO SOCIAL AO CIDADÃO;ASSISTÊNCIA SOCIAL;ASSISTÊNCIA COMUNITÁRIA;LOCAÇÃO DE MÃO-DE-OBRA - INTRA-ORÇAMENTÁRIO;TESOURO;0;595791,53;595791,53
2017;11;50.10.4.4.90.52.08.244.0036.2.064.01.510000;SECRETARIA DE APOIO SOCIAL AO CIDADÃO;ASSISTÊNCIA SOCIAL;ASSISTÊNCIA COMUNITÁRIA;EQUIPAMENTOS E MATERIAL PERMANENTE;TESOURO;0;275;0
2017;11;50.10.4.4.90.52.08.244.0036.2.188.01.510000;SECRETARIA DE APOIO SOCIAL AO CIDADÃO;ASSISTÊNCIA SOCIAL;ASSISTÊNCIA COMUNITÁRIA;EQUIPAMENTOS E MATERIAL PERMANENTE;TESOURO;632;0;0
2017;11;50.20.3.3.50.43.08.244.0036.2.191.01.510000;SECRETARIA DE APOIO SOCIAL AO CIDADÃO;ASSISTÊNCIA SOCIAL;ASSISTÊNCIA COMUNITÁRIA;SUBVENÇÕES SOCIAIS;TESOURO;744698,36;1097446,48;1114947,61
2017;11;50.20.3.3.50.43.08.244.0036.2.191.05.500042;SECRETARIA DE APOIO SOCIAL AO CIDADÃO;ASSISTÊNCIA SOCIAL;ASSISTÊNCIA COMUNITÁRIA;SUBVENÇÕES SOCIAIS;TRANSFERENCIAS E CONVENIOS FEDERAIS - VINCULADOS;0;137040;137040
2017;11;50.20.3.3.50.43.08.244.0036.2.192.01.510000;SECRETARIA DE APOIO SOCIAL AO CIDADÃO;ASSISTÊNCIA SOCIAL;ASSISTÊNCIA COMUNITÁRIA;SUBVENÇÕES SOCIAIS;TESOURO;1114239;1158955,26;1790599,54
2017;11;50.20.3.3.90.30.08.244.0003.2.006.01.510000;SECRETARIA DE APOIO SOCIAL AO CIDADÃO;ASSISTÊNCIA SOCIAL;ASSISTÊNCIA COMUNITÁRIA;MATERIAL DE CONSUMO;TESOURO;8835;661,7;781,25
2017;11;50.20.3.3.90.30.08.244.0036.2.191.01.510000;SECRETARIA DE APOIO SOCIAL AO CIDADÃO;ASSISTÊNCIA SOCIAL;ASSISTÊNCIA COMUNITÁRIA;MATERIAL DE CONSUMO;TESOURO;1680,42;322,5;664,7
2017;11;50.20.3.3.90.30.08.244.0036.2.191.02.500041;SECRETARIA DE APOIO SOCIAL AO CIDADÃO;ASSISTÊNCIA SOCIAL;ASSISTÊNCIA COMUNITÁRIA;MATERIAL DE CONSUMO;TRANSFERENCIAS E CONVENIOS ESTADUAIS - VINCULADOS;2719,95;1398,95;3276,3
2017;11;50.20.3.3.90.30.08.244.0036.2.191.05.500042;SECRETARIA DE APOIO SOCIAL AO CIDADÃO;ASSISTÊNCIA SOCIAL;ASSISTÊNCIA COMUNITÁRIA;MATERIAL DE CONSUMO;TRANSFERENCIAS E CONVENIOS FEDERAIS - VINCULADOS;8849,93;170,47;283,09
2017;11;50.20.3.3.90.30.08.244.0036.2.192.02.500041;SECRETARIA DE APOIO SOCIAL AO CIDADÃO;ASSISTÊNCIA SOCIAL;ASSISTÊNCIA COMUNITÁRIA;MATERIAL DE CONSUMO;TRANSFERENCIAS E CONVENIOS ESTADUAIS - VINCULADOS;5968,38;2384,58;21299,99
2017;11;50.20.3.3.90.30.08.244.0036.2.192.05.500042;SECRETARIA DE APOIO SOCIAL AO CIDADÃO;ASSISTÊNCIA SOCIAL;ASSISTÊNCIA COMUNITÁRIA;MATERIAL DE CONSUMO;TRANSFERENCIAS E CONVENIOS FEDERAIS - VINCULADOS;2388,24;1897,12;994,64
2017;11;50.20.3.3.90.32.08.244.0036.2.199.01.510000;SECRETARIA DE APOIO SOCIAL AO CIDADÃO;ASSISTÊNCIA SOCIAL;ASSISTÊNCIA COMUNITÁRIA;MATERIAL, BEM OU SERVIÇO PARA DISTRIBUIÇÃO GRATUITA;TESOURO;7000;7000;7000
2017;11;50.20.3.3.90.36.08.244.0036.2.192.05.500042;SECRETARIA DE APOIO SOCIAL AO CIDADÃO;ASSISTÊNCIA SOCIAL;ASSISTÊNCIA COMUNITÁRIA;OUTROS SERVIÇOS DE TERCEIROS - PESSOA FÍSICA;TRANSFERENCIAS E CONVENIOS FEDERAIS - VINCULADOS;0;1312;0
2017;11;50.20.3.3.90.39.08.244.0003.2.006.01.510000;SECRETARIA DE APOIO SOCIAL AO CIDADÃO;ASSISTÊNCIA SOCIAL;ASSISTÊNCIA COMUNITÁRIA;OUTROS SERVIÇOS DE TERCEIROS - PESSOA JURÍDICA;TESOURO;4150,25;8959,98;4350,72
2017;11;50.20.3.3.90.39.08.244.0036.2.010.02.500041;SECRETARIA DE APOIO SOCIAL AO CIDADÃO;ASSISTÊNCIA SOCIAL;ASSISTÊNCIA COMUNITÁRIA;OUTROS SERVIÇOS DE TERCEIROS - PESSOA JURÍDICA;TRANSFERENCIAS E CONVENIOS ESTADUAIS - VINCULADOS;12859,21;22390,58;17790,58
2017;11;50.20.3.3.90.39.08.244.0036.2.191.01.510000;SECRETARIA DE APOIO SOCIAL AO CIDADÃO;ASSISTÊNCIA SOCIAL;ASSISTÊNCIA COMUNITÁRIA;OUTROS SERVIÇOS DE TERCEIROS - PESSOA JURÍDICA;TESOURO;86000;63386,69;64736,69
2017;11;50.20.3.3.90.39.08.244.0036.2.191.02.500041;SECRETARIA DE APOIO SOCIAL AO CIDADÃO;ASSISTÊNCIA SOCIAL;ASSISTÊNCIA COMUNITÁRIA;OUTROS SERVIÇOS DE TERCEIROS - PESSOA JURÍDICA;TRANSFERENCIAS E CONVENIOS ESTADUAIS - VINCULADOS;3680;61399,25;56154,25
2017;11;50.20.3.3.90.39.08.244.0036.2.191.05.500042;SECRETARIA DE APOIO SOCIAL AO CIDADÃO;ASSISTÊNCIA SOCIAL;ASSISTÊNCIA COMUNITÁRIA;OUTROS SERVIÇOS DE TERCEIROS - PESSOA JURÍDICA;TRANSFERENCIAS E CONVENIOS FEDERAIS - VINCULADOS;17059,5;44499,25;51007,41
2017;11;50.20.3.3.90.39.08.244.0036.2.192.02.500041;SECRETARIA DE APOIO SOCIAL AO CIDADÃO;ASSISTÊNCIA SOCIAL;ASSISTÊNCIA COMUNITÁRIA;OUTROS SERVIÇOS DE TERCEIROS - PESSOA JURÍDICA;TRANSFERENCIAS E CONVENIOS ESTADUAIS - VINCULADOS;96203;83435;67180
2017;11;50.20.3.3.90.39.08.244.0036.2.192.05.500042;SECRETARIA DE APOIO SOCIAL AO CIDADÃO;ASSISTÊNCIA SOCIAL;ASSISTÊNCIA COMUNITÁRIA;OUTROS SERVIÇOS DE TERCEIROS - PESSOA JURÍDICA;TRANSFERENCIAS E CONVENIOS FEDERAIS - VINCULADOS;34036,73;16317,55;32209,65
2017;11;50.20.4.4.90.52.08.244.0003.2.006.01.510000;SECRETARIA DE APOIO SOCIAL AO CIDADÃO;ASSISTÊNCIA SOCIAL;ASSISTÊNCIA COMUNITÁRIA;EQUIPAMENTOS E MATERIAL PERMANENTE;TESOURO;1316,95;944,95;0
2017;11;50.20.4.4.90.52.08.244.0036.2.191.05.500042;SECRETARIA DE APOIO SOCIAL AO CIDADÃO;ASSISTÊNCIA SOCIAL;ASSISTÊNCIA COMUNITÁRIA;EQUIPAMENTOS E MATERIAL PERMANENTE;TRANSFERENCIAS E CONVENIOS FEDERAIS - VINCULADOS;195000;850;1025,96
2017;11;55.10.3.1.90.11.04.452.0037.2.002.01.110000;SECRETARIA DE MANUTENÇÃO DA CIDADE;ADMINISTRAÇÃO;SERVIÇOS URBANOS;VENCIMENTOS E VANTAGENS FIXAS -  PESSOAL CIVIL;TESOURO;3004548,51;3004548,51;3004548,51
2017;11;55.10.3.1.90.16.04.452.0037.2.002.01.110000;SECRETARIA DE MANUTENÇÃO DA CIDADE;ADMINISTRAÇÃO;SERVIÇOS URBANOS;OUTRAS DESPESAS VARIÁVEIS - PESSOAL CIVIL;TESOURO;255982,18;255982,18;255982,18
2017;11;55.10.3.3.90.30.04.452.0037.2.003.01.110000;SECRETARIA DE MANUTENÇÃO DA CIDADE;ADMINISTRAÇÃO;SERVIÇOS URBANOS;MATERIAL DE CONSUMO;TESOURO;4497,85;4497,85;8497,85
2017;11;55.10.3.3.90.30.15.452.0038.2.066.01.110000;SECRETARIA DE MANUTENÇÃO DA CIDADE;URBANISMO;SERVIÇOS URBANOS;MATERIAL DE CONSUMO;TESOURO;1825727,89;595112,97;572900,24
2017;11;55.10.3.3.90.30.18.541.0038.2.067.01.110000;SECRETARIA DE MANUTENÇÃO DA CIDADE;GESTÃO AMBIENTAL;PRESERVAÇÃO E CONSERVAÇÃO AMBIENTAL;MATERIAL DE CONSUMO;TESOURO;0;1200;1200
2017;11;55.10.3.3.90.36.15.452.0038.2.066.01.110000;SECRETARIA DE MANUTENÇÃO DA CIDADE;URBANISMO;SERVIÇOS URBANOS;OUTROS SERVIÇOS DE TERCEIROS - PESSOA FÍSICA;TESOURO;0;9091,02;9091,02
2017;11;55.10.3.3.90.39.04.452.0037.2.003.01.110000;SECRETARIA DE MANUTENÇÃO DA CIDADE;ADMINISTRAÇÃO;SERVIÇOS URBANOS;OUTROS SERVIÇOS DE TERCEIROS - PESSOA JURÍDICA;TESOURO;500;500;500
2017;11;55.10.3.3.90.39.04.452.0037.2.010.01.110000;SECRETARIA DE MANUTENÇÃO DA CIDADE;ADMINISTRAÇÃO;SERVIÇOS URBANOS;OUTROS SERVIÇOS DE TERCEIROS - PESSOA JURÍDICA;TESOURO;0;11000;11000
2017;11;55.10.3.3.90.39.15.451.0021.2.035.03.100081;SECRETARIA DE MANUTENÇÃO DA CIDADE;URBANISMO;INFRA-ESTRUTURA URBANA;OUTROS SERVIÇOS DE TERCEIROS - PESSOA JURÍDICA;RECURSOS PROPRIOS DE FUNDOS ESPECIAIS DE DESPESA - VINCULADOS;0;1123763,58;189152,1
2017;11;55.10.3.3.90.39.15.452.0038.2.066.01.110000;SECRETARIA DE MANUTENÇÃO DA CIDADE;URBANISMO;SERVIÇOS URBANOS;OUTROS SERVIÇOS DE TERCEIROS - PESSOA JURÍDICA;TESOURO;474480,05;1084065,62;1094518,98
2017;11;55.10.3.3.90.39.17.512.0039.2.072.01.110000;SECRETARIA DE MANUTENÇÃO DA CIDADE;SANEAMENTO;SANEAMENTO BÁSICO URBANO;OUTROS SERVIÇOS DE TERCEIROS - PESSOA JURÍDICA;TESOURO;0;1372275,74;1372275,74
2017;11;55.10.3.3.90.39.17.512.0039.2.073.01.110000;SECRETARIA DE MANUTENÇÃO DA CIDADE;SANEAMENTO;SANEAMENTO BÁSICO URBANO;OUTROS SERVIÇOS DE TERCEIROS - PESSOA JURÍDICA;TESOURO;0;6283995;6283995
2017;11;55.10.3.3.90.39.18.541.0038.2.067.01.110000;SECRETARIA DE MANUTENÇÃO DA CIDADE;GESTÃO AMBIENTAL;PRESERVAÇÃO E CONSERVAÇÃO AMBIENTAL;OUTROS SERVIÇOS DE TERCEIROS - PESSOA JURÍDICA;TESOURO;956544,24;267666,64;285014,28
2017;11;55.10.3.3.90.39.18.541.0039.2.074.01.110000;SECRETARIA DE MANUTENÇÃO DA CIDADE;GESTÃO AMBIENTAL;PRESERVAÇÃO E CONSERVAÇÃO AMBIENTAL;OUTROS SERVIÇOS DE TERCEIROS - PESSOA JURÍDICA;TESOURO;311349,45;196179,96;201841,96
2017;11;55.10.3.3.90.93.15.452.0038.2.066.01.110000;SECRETARIA DE MANUTENÇÃO DA CIDADE;URBANISMO;SERVIÇOS URBANOS;INDENIZAÇÕES E RESTITUIÇÕES;TESOURO;846;846;542
2017;11;55.10.3.3.90.93.17.512.0039.2.072.01.110000;SECRETARIA DE MANUTENÇÃO DA CIDADE;SANEAMENTO;SANEAMENTO BÁSICO URBANO;INDENIZAÇÕES E RESTITUIÇÕES;TESOURO;2102399,42;1803988,6;1803988,6
2017;11;55.10.3.3.90.93.17.512.0039.2.073.01.110000;SECRETARIA DE MANUTENÇÃO DA CIDADE;SANEAMENTO;SANEAMENTO BÁSICO URBANO;INDENIZAÇÕES E RESTITUIÇÕES;TESOURO;5271151,58;4702619,36;4702619,36
2017;11;55.10.4.4.90.51.15.451.0021.2.035.03.100081;SECRETARIA DE MANUTENÇÃO DA CIDADE;URBANISMO;INFRA-ESTRUTURA URBANA;OBRAS E INSTALAÇÕES;RECURSOS PROPRIOS DE FUNDOS ESPECIAIS DE DESPESA - VINCULADOS;0;67486,04;82960,53
2017;11;55.10.4.4.90.52.15.452.0038.2.066.01.110000;SECRETARIA DE MANUTENÇÃO DA CIDADE;URBANISMO;SERVIÇOS URBANOS;EQUIPAMENTOS E MATERIAL PERMANENTE;TESOURO;0;275;0
2017;11;60.10.3.1.90.04.10.301.0040.2.002.01.310000;SECRETARIA DE SAÚDE;SAÚDE;ATENÇÃO BÁSICA;CONTRATAÇÃO POR TEMPO DETERMINADO;TESOURO;610977,89;610977,89;610977,89
2017;11;60.10.3.1.90.11.10.301.0040.2.002.01.310000;SECRETARIA DE SAÚDE;SAÚDE;ATENÇÃO BÁSICA;VENCIMENTOS E VANTAGENS FIXAS -  PESSOAL CIVIL;TESOURO;23419815,42;23419815,42;23419815,42
2017;11;60.10.3.1.90.13.10.301.0040.2.002.01.310000;SECRETARIA DE SAÚDE;SAÚDE;ATENÇÃO BÁSICA;OBRIGAÇÕES PATRONAIS;TESOURO;148067,73;148067,73;148067,73
2017;11;60.10.3.1.90.16.10.301.0040.2.002.01.310000;SECRETARIA DE SAÚDE;SAÚDE;ATENÇÃO BÁSICA;OUTRAS DESPESAS VARIÁVEIS - PESSOAL CIVIL;TESOURO;3471898,86;3471898,86;3471898,86
2017;11;60.10.3.1.90.94.10.301.0040.2.002.01.310000;SECRETARIA DE SAÚDE;SAÚDE;ATENÇÃO BÁSICA;INDENIZAÇÕES E RESTITUIÇÕES TRABALHISTAS;TESOURO;223796,81;223796,81;212620,21
2017;11;60.10.3.1.91.13.10.301.0040.2.002.01.310000;SECRETARIA DE SAÚDE;SAÚDE;ATENÇÃO BÁSICA;OBRIGAÇÕES PATRONAIS - INTRA-ORÇAMENTÁRIO;TESOURO;5956120,86;5956120,86;5956120,86
2017;11;60.10.3.2.91.21.10.843.0040.0.004.01.310000;SECRETARIA DE SAÚDE;SAÚDE;SERVIÇO DA DÍVIDA INTERNA;JUROS SOBRE A DÍVIDA POR CONTRATO - INTRA-ORÇAMENTÁRIO;TESOURO;0;64800,66;64800,66
2017;11;60.10.3.3.90.14.10.301.0040.2.003.01.310000;SECRETARIA DE SAÚDE;SAÚDE;ATENÇÃO BÁSICA;DIÁRIAS - PESSOAL CIVIL;TESOURO;-1679,5;-1679,5;-1679,5
2017;11;60.10.3.3.90.30.10.301.0040.2.003.01.310000;SECRETARIA DE SAÚDE;SAÚDE;ATENÇÃO BÁSICA;MATERIAL DE CONSUMO;TESOURO;1096,01;1096,01;-1903,99
2017;11;60.10.3.3.90.30.10.301.0040.2.065.01.310000;SECRETARIA DE SAÚDE;SAÚDE;ATENÇÃO BÁSICA;MATERIAL DE CONSUMO;TESOURO;-19784,57;-18994,09;-19784,57
2017;11;60.10.3.3.90.36.10.301.0040.2.010.01.310000;SECRETARIA DE SAÚDE;SAÚDE;ATENÇÃO BÁSICA;OUTROS SERVIÇOS DE TERCEIROS - PESSOA FÍSICA;TESOURO;0;0;50576,09
2017;11;60.10.3.3.90.37.10.301.0040.2.024.01.310000;SECRETARIA DE SAÚDE;SAÚDE;ATENÇÃO BÁSICA;LOCAÇÃO DE MÃO-DE-OBRA;TESOURO;0;34746;34746
2017;11;60.10.3.3.90.39.04.122.0040.2.181.01.310000;SECRETARIA DE SAÚDE;ADMINISTRAÇÃO;ADMINISTRAÇÃO GERAL;OUTROS SERVIÇOS DE TERCEIROS - PESSOA JURÍDICA;TESOURO;97063,42;97063,42;97063,42
2017;11;60.10.3.3.90.39.10.301.0040.2.003.01.310000;SECRETARIA DE SAÚDE;SAÚDE;ATENÇÃO BÁSICA;OUTROS SERVIÇOS DE TERCEIROS - PESSOA JURÍDICA;TESOURO;8463,98;8463,98;463,98
2017;11;60.10.3.3.90.39.10.301.0040.2.010.01.310000;SECRETARIA DE SAÚDE;SAÚDE;ATENÇÃO BÁSICA;OUTROS SERVIÇOS DE TERCEIROS - PESSOA JURÍDICA;TESOURO;0;5000;20454,86
2017;11;60.10.3.3.90.39.10.301.0040.2.021.01.310000;SECRETARIA DE SAÚDE;SAÚDE;ATENÇÃO BÁSICA;OUTROS SERVIÇOS DE TERCEIROS - PESSOA JURÍDICA;TESOURO;97304,06;334250,61;364731,6
2017;11;60.10.3.3.90.39.10.301.0040.2.037.01.310000;SECRETARIA DE SAÚDE;SAÚDE;ATENÇÃO BÁSICA;OUTROS SERVIÇOS DE TERCEIROS - PESSOA JURÍDICA;TESOURO;242998,8;308196,4;308196,4
2017;11;60.10.3.3.90.46.10.301.0040.2.037.01.310000;SECRETARIA DE SAÚDE;SAÚDE;ATENÇÃO BÁSICA;AUXÍLIO ALIMENTAÇÃO;TESOURO;504151,66;504151,66;504151,66
2017;11;60.10.4.6.91.71.10.843.0040.0.004.01.310000;SECRETARIA DE SAÚDE;SAÚDE;SERVIÇO DA DÍVIDA INTERNA;PRINCIPAL DA DÍVIDA CONTRATUAL RESGATADA - INTRA-ORÇAMENTÁRIO;TESOURO;0;9703,42;9703,42
2017;11;60.20.3.3.90.30.10.302.0043.2.196.01.310000;SECRETARIA DE SAÚDE;SAÚDE;ASSISTÊNCIA HOSPITALAR E AMBULATORIAL;MATERIAL DE CONSUMO;TESOURO;8640;5917,2;1751
2017;11;60.30.3.3.50.39.10.302.0044.2.080.01.310000;SECRETARIA DE SAÚDE;SAÚDE;ASSISTÊNCIA HOSPITALAR E AMBULATORIAL;OUTROS SERVIÇOS DE TERCEIROS - PESSOA JURÍDICA;TESOURO;0;0;11515290
2017;11;60.30.3.3.50.39.10.302.0044.2.080.05.300023;SECRETARIA DE SAÚDE;SAÚDE;ASSISTÊNCIA HOSPITALAR E AMBULATORIAL;OUTROS SERVIÇOS DE TERCEIROS - PESSOA JURÍDICA;TRANSFERENCIAS E CONVENIOS FEDERAIS - VINCULADOS;0;0;2262099
2017;11;60.30.3.3.71.70.10.302.0044.2.079.01.310000;SECRETARIA DE SAÚDE;SAÚDE;ASSISTÊNCIA HOSPITALAR E AMBULATORIAL;RATEIO PELA PARTICIPAÇÃO EM CONSÓRCIO PÚBLICO;TESOURO;0;0;399295,65
2017;11;60.30.3.3.71.70.10.302.0044.2.079.05.300023;SECRETARIA DE SAÚDE;SAÚDE;ASSISTÊNCIA HOSPITALAR E AMBULATORIAL;RATEIO PELA PARTICIPAÇÃO EM CONSÓRCIO PÚBLICO;TRANSFERENCIAS E CONVENIOS FEDERAIS - VINCULADOS;0;0;602788,82
2017;11;60.30.3.3.90.30.10.302.0044.2.195.01.310000;SECRETARIA DE SAÚDE;SAÚDE;ASSISTÊNCIA HOSPITALAR E AMBULATORIAL;MATERIAL DE CONSUMO;TESOURO;-49,2;528;2546,5
2017;11;60.30.4.4.90.51.10.301.0042.1.028.01.310000;SECRETARIA DE SAÚDE;SAÚDE;ATENÇÃO BÁSICA;OBRAS E INSTALAÇÕES;TESOURO;0;582555,1;208964,84
2017;11;60.30.4.4.90.52.10.302.0044.1.029.05.300055;SECRETARIA DE SAÚDE;SAÚDE;ASSISTÊNCIA HOSPITALAR E AMBULATORIAL;EQUIPAMENTOS E MATERIAL PERMANENTE;TRANSFERENCIAS E CONVENIOS FEDERAIS - VINCULADOS;83990,7;153594,8;66981,45
2017;11;60.50.3.3.50.39.10.301.0042.2.011.01.310000;SECRETARIA DE SAÚDE;SAÚDE;ATENÇÃO BÁSICA;OUTROS SERVIÇOS DE TERCEIROS - PESSOA JURÍDICA;TESOURO;0;1150000;1150000
2017;11;60.50.3.3.90.30.10.301.0041.2.075.02.300024;SECRETARIA DE SAÚDE;SAÚDE;ATENÇÃO BÁSICA;MATERIAL DE CONSUMO;TRANSFERENCIAS E CONVENIOS ESTADUAIS - VINCULADOS;331753,78;357631,31;236599,62
2017;11;60.50.3.3.90.30.10.301.0041.2.075.05.300022;SECRETARIA DE SAÚDE;SAÚDE;ATENÇÃO BÁSICA;MATERIAL DE CONSUMO;TRANSFERENCIAS E CONVENIOS FEDERAIS - VINCULADOS;3159948,98;1509914,88;736691,69
2017;11;60.50.3.3.90.30.10.301.0041.2.075.05.300053;SECRETARIA DE SAÚDE;SAÚDE;ATENÇÃO BÁSICA;MATERIAL DE CONSUMO;TRANSFERENCIAS E CONVENIOS FEDERAIS - VINCULADOS;127,6;0;0
2017;11;60.50.3.3.90.30.10.303.0041.2.076.01.310000;SECRETARIA DE SAÚDE;SAÚDE;SUPORTE PROFILÁTICO E TERAPÊUTICO;MATERIAL DE CONSUMO;TESOURO;0;9792;410
2017;11;60.50.3.3.90.30.10.303.0041.2.076.02.300024;SECRETARIA DE SAÚDE;SAÚDE;SUPORTE PROFILÁTICO E TERAPÊUTICO;MATERIAL DE CONSUMO;TRANSFERENCIAS E CONVENIOS ESTADUAIS - VINCULADOS;0;0;294
2017;11;60.50.3.3.90.30.10.303.0041.2.076.05.300040;SECRETARIA DE SAÚDE;SAÚDE;SUPORTE PROFILÁTICO E TERAPÊUTICO;MATERIAL DE CONSUMO;TRANSFERENCIAS E CONVENIOS FEDERAIS - VINCULADOS;109775,34;7433,49;18807,57
2017;11;60.50.3.3.90.30.10.304.0041.2.077.01.320000;SECRETARIA DE SAÚDE;SAÚDE;VIGILÂNCIA SANITÁRIA;MATERIAL DE CONSUMO;TESOURO;9782,32;5320;6454,05
2017;11;60.50.3.3.90.30.10.305.0041.2.078.01.320000;SECRETARIA DE SAÚDE;SAÚDE;VIGILÂNCIA EPIDEMIOLÓGICA;MATERIAL DE CONSUMO;TESOURO;0;9322,5;10041,6
2017;11;60.50.3.3.90.30.10.305.0041.2.078.05.300019;SECRETARIA DE SAÚDE;SAÚDE;VIGILÂNCIA EPIDEMIOLÓGICA;MATERIAL DE CONSUMO;TRANSFERENCIAS E CONVENIOS FEDERAIS - VINCULADOS;1668;2696;6427,6
2017;11;60.50.3.3.90.30.10.305.0041.2.078.05.300038;SECRETARIA DE SAÚDE;SAÚDE;VIGILÂNCIA EPIDEMIOLÓGICA;MATERIAL DE CONSUMO;TRANSFERENCIAS E CONVENIOS FEDERAIS - VINCULADOS;0;1890;1890
2017;11;60.50.3.3.90.32.10.301.0041.2.075.02.300024;SECRETARIA DE SAÚDE;SAÚDE;ATENÇÃO BÁSICA;MATERIAL, BEM OU SERVIÇO PARA DISTRIBUIÇÃO GRATUITA;TRANSFERENCIAS E CONVENIOS ESTADUAIS - VINCULADOS;233699,91;88848,85;152798,51
2017;11;60.50.3.3.90.32.10.301.0041.2.075.05.300022;SECRETARIA DE SAÚDE;SAÚDE;ATENÇÃO BÁSICA;MATERIAL, BEM OU SERVIÇO PARA DISTRIBUIÇÃO GRATUITA;TRANSFERENCIAS E CONVENIOS FEDERAIS - VINCULADOS;664,96;49205,04;75616,3
2017;11;60.50.3.3.90.32.10.303.0041.2.076.01.310000;SECRETARIA DE SAÚDE;SAÚDE;SUPORTE PROFILÁTICO E TERAPÊUTICO;MATERIAL, BEM OU SERVIÇO PARA DISTRIBUIÇÃO GRATUITA;TESOURO;4906,29;9630,59;35797,32
2017;11;60.50.3.3.90.32.10.303.0041.2.076.02.300024;SECRETARIA DE SAÚDE;SAÚDE;SUPORTE PROFILÁTICO E TERAPÊUTICO;MATERIAL, BEM OU SERVIÇO PARA DISTRIBUIÇÃO GRATUITA;TRANSFERENCIAS E CONVENIOS ESTADUAIS - VINCULADOS;0;1436,01;3135,69
2017;11;60.50.3.3.90.32.10.303.0041.2.076.05.300040;SECRETARIA DE SAÚDE;SAÚDE;SUPORTE PROFILÁTICO E TERAPÊUTICO;MATERIAL, BEM OU SERVIÇO PARA DISTRIBUIÇÃO GRATUITA;TRANSFERENCIAS E CONVENIOS FEDERAIS - VINCULADOS;6904,08;17243,34;103703,79
2017;11;60.50.3.3.90.32.10.305.0041.2.078.05.300019;SECRETARIA DE SAÚDE;SAÚDE;VIGILÂNCIA EPIDEMIOLÓGICA;MATERIAL, BEM OU SERVIÇO PARA DISTRIBUIÇÃO GRATUITA;TRANSFERENCIAS E CONVENIOS FEDERAIS - VINCULADOS;27214,4;43713,32;9950,4
2017;11;60.50.3.3.90.36.10.301.0041.2.075.01.310000;SECRETARIA DE SAÚDE;SAÚDE;ATENÇÃO BÁSICA;OUTROS SERVIÇOS DE TERCEIROS - PESSOA FÍSICA;TESOURO;-1000,5;41192,35;41192,35
2017;11;60.50.3.3.90.36.10.301.0041.2.075.05.300022;SECRETARIA DE SAÚDE;SAÚDE;ATENÇÃO BÁSICA;OUTROS SERVIÇOS DE TERCEIROS - PESSOA FÍSICA;TRANSFERENCIAS E CONVENIOS FEDERAIS - VINCULADOS;-2901,31;5803,92;5803,92
2017;11;60.50.3.3.90.36.10.301.0042.2.011.01.310000;SECRETARIA DE SAÚDE;SAÚDE;ATENÇÃO BÁSICA;OUTROS SERVIÇOS DE TERCEIROS - PESSOA FÍSICA;TESOURO;-6468,48;6186,88;6186,88
2017;11;60.50.3.3.90.36.10.304.0041.2.077.01.320000;SECRETARIA DE SAÚDE;SAÚDE;VIGILÂNCIA SANITÁRIA;OUTROS SERVIÇOS DE TERCEIROS - PESSOA FÍSICA;TESOURO;-7369,75;27878,59;27878,59
2017;11;60.50.3.3.90.36.10.305.0041.2.078.05.300038;SECRETARIA DE SAÚDE;SAÚDE;VIGILÂNCIA EPIDEMIOLÓGICA;OUTROS SERVIÇOS DE TERCEIROS - PESSOA FÍSICA;TRANSFERENCIAS E CONVENIOS FEDERAIS - VINCULADOS;-25313,92;5404,8;5404,8
2017;11;60.50.3.3.90.37.10.301.0041.2.075.05.300022;SECRETARIA DE SAÚDE;SAÚDE;ATENÇÃO BÁSICA;LOCAÇÃO DE MÃO-DE-OBRA;TRANSFERENCIAS E CONVENIOS FEDERAIS - VINCULADOS;-326,74;3730,14;3730,14
2017;11;60.50.3.3.90.37.10.301.0042.2.011.01.310000;SECRETARIA DE SAÚDE;SAÚDE;ATENÇÃO BÁSICA;LOCAÇÃO DE MÃO-DE-OBRA;TESOURO;-2028;597776,41;716573,38
2017;11;60.50.3.3.90.37.10.301.0042.2.011.05.300022;SECRETARIA DE SAÚDE;SAÚDE;ATENÇÃO BÁSICA;LOCAÇÃO DE MÃO-DE-OBRA;TRANSFERENCIAS E CONVENIOS FEDERAIS - VINCULADOS;-3811,75;291108,58;288106,18
2017;11;60.50.3.3.90.37.10.305.0041.2.078.05.300038;SECRETARIA DE SAÚDE;SAÚDE;VIGILÂNCIA EPIDEMIOLÓGICA;LOCAÇÃO DE MÃO-DE-OBRA;TRANSFERENCIAS E CONVENIOS FEDERAIS - VINCULADOS;0;0;1125,5
2017;11;60.50.3.3.90.39.10.301.0041.2.075.01.310000;SECRETARIA DE SAÚDE;SAÚDE;ATENÇÃO BÁSICA;OUTROS SERVIÇOS DE TERCEIROS - PESSOA JURÍDICA;TESOURO;5296,31;28762,95;38854,68
2017;11;60.50.3.3.90.39.10.301.0041.2.075.05.300022;SECRETARIA DE SAÚDE;SAÚDE;ATENÇÃO BÁSICA;OUTROS SERVIÇOS DE TERCEIROS - PESSOA JURÍDICA;TRANSFERENCIAS E CONVENIOS FEDERAIS - VINCULADOS;26016,68;64238,42;74010,28
2017;11;60.50.3.3.90.39.10.301.0041.2.075.05.300053;SECRETARIA DE SAÚDE;SAÚDE;ATENÇÃO BÁSICA;OUTROS SERVIÇOS DE TERCEIROS - PESSOA JURÍDICA;TRANSFERENCIAS E CONVENIOS FEDERAIS - VINCULADOS;5270;9532,4;19115
2017;11;60.50.3.3.90.39.10.301.0042.2.011.01.310000;SECRETARIA DE SAÚDE;SAÚDE;ATENÇÃO BÁSICA;OUTROS SERVIÇOS DE TERCEIROS - PESSOA JURÍDICA;TESOURO;840;124161,46;125617,63
2017;11;60.50.3.3.90.39.10.301.0042.2.011.05.300022;SECRETARIA DE SAÚDE;SAÚDE;ATENÇÃO BÁSICA;OUTROS SERVIÇOS DE TERCEIROS - PESSOA JURÍDICA;TRANSFERENCIAS E CONVENIOS FEDERAIS - VINCULADOS;-911,67;45609,97;47027,83
2017;11;60.50.3.3.90.39.10.304.0041.2.077.01.320000;SECRETARIA DE SAÚDE;SAÚDE;VIGILÂNCIA SANITÁRIA;OUTROS SERVIÇOS DE TERCEIROS - PESSOA JURÍDICA;TESOURO;4194,77;31457,17;36225,4
2017;11;60.50.3.3.90.39.10.305.0041.2.078.01.320000;SECRETARIA DE SAÚDE;SAÚDE;VIGILÂNCIA EPIDEMIOLÓGICA;OUTROS SERVIÇOS DE TERCEIROS - PESSOA JURÍDICA;TESOURO;-13240,87;4790,46;4886,96
2017;11;60.50.3.3.90.39.10.305.0041.2.078.05.300019;SECRETARIA DE SAÚDE;SAÚDE;VIGILÂNCIA EPIDEMIOLÓGICA;OUTROS SERVIÇOS DE TERCEIROS - PESSOA JURÍDICA;TRANSFERENCIAS E CONVENIOS FEDERAIS - VINCULADOS;0;11591,1;23762,44
2017;11;60.50.3.3.90.39.10.305.0041.2.078.05.300038;SECRETARIA DE SAÚDE;SAÚDE;VIGILÂNCIA EPIDEMIOLÓGICA;OUTROS SERVIÇOS DE TERCEIROS - PESSOA JURÍDICA;TRANSFERENCIAS E CONVENIOS FEDERAIS - VINCULADOS;4971,26;303123,99;501723,47
2017;11;60.50.3.3.90.48.10.301.0042.2.185.01.310000;SECRETARIA DE SAÚDE;SAÚDE;ATENÇÃO BÁSICA;OUTROS AUXÍLIOS FINANCEIROS A PESSOA FÍSICA;TESOURO;78000;78000;78000
2017;11;60.50.3.3.90.92.10.301.0041.2.075.01.310000;SECRETARIA DE SAÚDE;SAÚDE;ATENÇÃO BÁSICA;DESPESAS DE EXERCÍCIOS ANTERIORES;TESOURO;0;0;5844,41
2017;11;60.50.4.4.90.52.10.304.0041.2.077.01.320000;SECRETARIA DE SAÚDE;SAÚDE;VIGILÂNCIA SANITÁRIA;EQUIPAMENTOS E MATERIAL PERMANENTE;TESOURO;848;470;629
2017;11;60.50.4.4.90.52.10.305.0041.2.078.05.300019;SECRETARIA DE SAÚDE;SAÚDE;VIGILÂNCIA EPIDEMIOLÓGICA;EQUIPAMENTOS E MATERIAL PERMANENTE;TRANSFERENCIAS E CONVENIOS FEDERAIS - VINCULADOS;21700;0;0
2017;11;60.70.3.3.50.39.10.302.0043.2.180.01.310000;SECRETARIA DE SAÚDE;SAÚDE;ASSISTÊNCIA HOSPITALAR E AMBULATORIAL;OUTROS SERVIÇOS DE TERCEIROS - PESSOA JURÍDICA;TESOURO;1258151,96;1226592,59;613296,3
2017;11;60.70.3.3.90.30.10.302.0043.2.180.01.310000;SECRETARIA DE SAÚDE;SAÚDE;ASSISTÊNCIA HOSPITALAR E AMBULATORIAL;MATERIAL DE CONSUMO;TESOURO;1732862,33;2378227,87;3835327,91
2017;11;60.70.3.3.90.30.10.302.0043.2.180.05.300023;SECRETARIA DE SAÚDE;SAÚDE;ASSISTÊNCIA HOSPITALAR E AMBULATORIAL;MATERIAL DE CONSUMO;TRANSFERENCIAS E CONVENIOS FEDERAIS - VINCULADOS;-3815,77;142219,92;187363,14
2017;11;60.70.3.3.90.32.10.302.0043.2.180.01.310000;SECRETARIA DE SAÚDE;SAÚDE;ASSISTÊNCIA HOSPITALAR E AMBULATORIAL;MATERIAL, BEM OU SERVIÇO PARA DISTRIBUIÇÃO GRATUITA;TESOURO;425794,33;54861,14;4727,9
2017;11;60.70.3.3.90.32.10.302.0043.2.180.05.300023;SECRETARIA DE SAÚDE;SAÚDE;ASSISTÊNCIA HOSPITALAR E AMBULATORIAL;MATERIAL, BEM OU SERVIÇO PARA DISTRIBUIÇÃO GRATUITA;TRANSFERENCIAS E CONVENIOS FEDERAIS - VINCULADOS;13715,07;20683,35;16230,57
2017;11;60.70.3.3.90.37.10.302.0043.2.180.05.300023;SECRETARIA DE SAÚDE;SAÚDE;ASSISTÊNCIA HOSPITALAR E AMBULATORIAL;LOCAÇÃO DE MÃO-DE-OBRA;TRANSFERENCIAS E CONVENIOS FEDERAIS - VINCULADOS;-153,5;114067,78;723708,98
2017;11;60.70.3.3.90.39.10.302.0043.2.180.01.310000;SECRETARIA DE SAÚDE;SAÚDE;ASSISTÊNCIA HOSPITALAR E AMBULATORIAL;OUTROS SERVIÇOS DE TERCEIROS - PESSOA JURÍDICA;TESOURO;7089555,56;2865355,52;1488993,86
2017;11;60.70.3.3.90.39.10.302.0043.2.180.05.300023;SECRETARIA DE SAÚDE;SAÚDE;ASSISTÊNCIA HOSPITALAR E AMBULATORIAL;OUTROS SERVIÇOS DE TERCEIROS - PESSOA JURÍDICA;TRANSFERENCIAS E CONVENIOS FEDERAIS - VINCULADOS;2364602,96;4357889,46;2549723,24
2017;11;60.70.3.3.90.48.10.302.0043.2.180.05.300023;SECRETARIA DE SAÚDE;SAÚDE;ASSISTÊNCIA HOSPITALAR E AMBULATORIAL;OUTROS AUXÍLIOS FINANCEIROS A PESSOA FÍSICA;TRANSFERENCIAS E CONVENIOS FEDERAIS - VINCULADOS;8068,42;8068,42;7454,5
2017;11;60.70.4.4.90.52.10.302.0043.2.180.01.310000;SECRETARIA DE SAÚDE;SAÚDE;ASSISTÊNCIA HOSPITALAR E AMBULATORIAL;EQUIPAMENTOS E MATERIAL PERMANENTE;TESOURO;17210,2;4481,58;4370,66
2017;11;65.10.3.1.90.11.26.122.0045.2.002.01.400000;SECRETARIA DE MOBILIDADE URBANA;TRANSPORTE;ADMINISTRAÇÃO GERAL;VENCIMENTOS E VANTAGENS FIXAS -  PESSOAL CIVIL;TESOURO;1113659,01;1113659,01;1113659,01
2017;11;65.10.3.1.90.16.26.122.0045.2.002.01.400000;SECRETARIA DE MOBILIDADE URBANA;TRANSPORTE;ADMINISTRAÇÃO GERAL;OUTRAS DESPESAS VARIÁVEIS - PESSOAL CIVIL;TESOURO;96121,18;96121,18;96121,18
2017;11;65.10.3.3.90.30.26.122.0045.2.002.01.400000;SECRETARIA DE MOBILIDADE URBANA;TRANSPORTE;ADMINISTRAÇÃO GERAL;MATERIAL DE CONSUMO;TESOURO;257926,84;61981,37;2567,04
2017;11;65.10.3.3.90.30.26.122.0045.2.089.01.400000;SECRETARIA DE MOBILIDADE URBANA;TRANSPORTE;ADMINISTRAÇÃO GERAL;MATERIAL DE CONSUMO;TESOURO;0;0;355,2
2017;11;65.10.3.3.90.36.26.122.0045.2.002.01.400000;SECRETARIA DE MOBILIDADE URBANA;TRANSPORTE;ADMINISTRAÇÃO GERAL;OUTROS SERVIÇOS DE TERCEIROS - PESSOA FÍSICA;TESOURO;0;32510,04;32510,04
2017;11;65.10.3.3.90.39.26.122.0045.2.002.01.130033;SECRETARIA DE MOBILIDADE URBANA;TRANSPORTE;ADMINISTRAÇÃO GERAL;OUTROS SERVIÇOS DE TERCEIROS - PESSOA JURÍDICA;TESOURO;903,53;0;0
2017;11;65.10.3.3.90.39.26.122.0045.2.002.01.400000;SECRETARIA DE MOBILIDADE URBANA;TRANSPORTE;ADMINISTRAÇÃO GERAL;OUTROS SERVIÇOS DE TERCEIROS - PESSOA JURÍDICA;TESOURO;307131,08;1415358,02;1403797,5
2017;11;65.10.3.3.90.39.26.122.0045.2.003.01.400000;SECRETARIA DE MOBILIDADE URBANA;TRANSPORTE;ADMINISTRAÇÃO GERAL;OUTROS SERVIÇOS DE TERCEIROS - PESSOA JURÍDICA;TESOURO;3996,23;3996,23;6996,23
2017;11;65.10.3.3.90.39.26.122.0045.2.010.01.400000;SECRETARIA DE MOBILIDADE URBANA;TRANSPORTE;ADMINISTRAÇÃO GERAL;OUTROS SERVIÇOS DE TERCEIROS - PESSOA JURÍDICA;TESOURO;0;24836;24836
2017;11;65.10.3.3.90.39.26.122.0045.2.089.01.400000;SECRETARIA DE MOBILIDADE URBANA;TRANSPORTE;ADMINISTRAÇÃO GERAL;OUTROS SERVIÇOS DE TERCEIROS - PESSOA JURÍDICA;TESOURO;0;1500;7016
2017;11;65.10.3.3.90.39.26.122.0045.2.089.02.400104;SECRETARIA DE MOBILIDADE URBANA;TRANSPORTE;ADMINISTRAÇÃO GERAL;OUTROS SERVIÇOS DE TERCEIROS - PESSOA JURÍDICA;TRANSFERENCIAS E CONVENIOS ESTADUAIS - VINCULADOS;13537,8;0;0
2017;11;65.10.4.4.90.51.26.451.0016.1.031.07.100003;SECRETARIA DE MOBILIDADE URBANA;TRANSPORTE;INFRA-ESTRUTURA URBANA;OBRAS E INSTALAÇÕES;OPERAÇÕES DE CREDITO;0;1151799,88;589841,96
2017;11;65.10.4.4.90.51.26.451.0046.1.035.01.140000;SECRETARIA DE MOBILIDADE URBANA;TRANSPORTE;INFRA-ESTRUTURA URBANA;OBRAS E INSTALAÇÕES;TESOURO;0;240193,04;240193,04
2017;11;65.10.4.4.90.51.26.451.0046.1.035.01.400000;SECRETARIA DE MOBILIDADE URBANA;TRANSPORTE;INFRA-ESTRUTURA URBANA;OBRAS E INSTALAÇÕES;TESOURO;0;55447,29;95691,39
2017;11;65.10.4.4.90.51.26.451.0046.1.035.01.400073;SECRETARIA DE MOBILIDADE URBANA;TRANSPORTE;INFRA-ESTRUTURA URBANA;OBRAS E INSTALAÇÕES;TESOURO;0;172674,03;0
2017;11;65.20.3.3.70.41.26.122.0048.2.091.03.470000;SECRETARIA DE MOBILIDADE URBANA;TRANSPORTE;ADMINISTRAÇÃO GERAL;CONTRIBUIÇÕES;RECURSOS PROPRIOS DE FUNDOS ESPECIAIS DE DESPESA - VINCULADOS;79231,86;79231,86;79231,86
2017;11;65.20.3.3.90.30.26.122.0048.2.091.03.400075;SECRETARIA DE MOBILIDADE URBANA;TRANSPORTE;ADMINISTRAÇÃO GERAL;MATERIAL DE CONSUMO;RECURSOS PROPRIOS DE FUNDOS ESPECIAIS DE DESPESA - VINCULADOS;126483,72;162273,56;41859,28
2017;11;65.20.3.3.90.30.26.122.0048.2.091.03.400076;SECRETARIA DE MOBILIDADE URBANA;TRANSPORTE;ADMINISTRAÇÃO GERAL;MATERIAL DE CONSUMO;RECURSOS PROPRIOS DE FUNDOS ESPECIAIS DE DESPESA - VINCULADOS;980;640;0
2017;11;65.20.3.3.90.36.26.122.0048.2.091.03.400075;SECRETARIA DE MOBILIDADE URBANA;TRANSPORTE;ADMINISTRAÇÃO GERAL;OUTROS SERVIÇOS DE TERCEIROS - PESSOA FÍSICA;RECURSOS PROPRIOS DE FUNDOS ESPECIAIS DE DESPESA - VINCULADOS;7967,12;6217,12;6217,12
2017;11;65.20.3.3.90.39.26.122.0048.2.091.01.400000;SECRETARIA DE MOBILIDADE URBANA;TRANSPORTE;ADMINISTRAÇÃO GERAL;OUTROS SERVIÇOS DE TERCEIROS - PESSOA JURÍDICA;TESOURO;7148,69;3533,15;0
2017;11;65.20.3.3.90.39.26.122.0048.2.091.03.400075;SECRETARIA DE MOBILIDADE URBANA;TRANSPORTE;ADMINISTRAÇÃO GERAL;OUTROS SERVIÇOS DE TERCEIROS - PESSOA JURÍDICA;RECURSOS PROPRIOS DE FUNDOS ESPECIAIS DE DESPESA - VINCULADOS;403238,3;646057,2;553747,81
2017;11;65.20.3.3.90.39.26.122.0048.2.091.03.400076;SECRETARIA DE MOBILIDADE URBANA;TRANSPORTE;ADMINISTRAÇÃO GERAL;OUTROS SERVIÇOS DE TERCEIROS - PESSOA JURÍDICA;RECURSOS PROPRIOS DE FUNDOS ESPECIAIS DE DESPESA - VINCULADOS;0;14421,78;14421,78
2017;11;65.20.3.3.90.93.26.122.0048.2.091.03.400075;SECRETARIA DE MOBILIDADE URBANA;TRANSPORTE;ADMINISTRAÇÃO GERAL;INDENIZAÇÕES E RESTITUIÇÕES;RECURSOS PROPRIOS DE FUNDOS ESPECIAIS DE DESPESA - VINCULADOS;574,61;574,61;0
2017;11;65.20.4.4.90.51.26.122.0048.2.091.03.400075;SECRETARIA DE MOBILIDADE URBANA;TRANSPORTE;ADMINISTRAÇÃO GERAL;OBRAS E INSTALAÇÕES;RECURSOS PROPRIOS DE FUNDOS ESPECIAIS DE DESPESA - VINCULADOS;0;0;228951,62
2017;11;65.20.4.4.90.52.26.122.0048.2.091.03.400075;SECRETARIA DE MOBILIDADE URBANA;TRANSPORTE;ADMINISTRAÇÃO GERAL;EQUIPAMENTOS E MATERIAL PERMANENTE;RECURSOS PROPRIOS DE FUNDOS ESPECIAIS DE DESPESA - VINCULADOS;0;4214,8;0
2017;11;70.10.3.1.90.11.04.122.0050.2.002.01.110000;SECRETARIA DE INOVAÇÃO E DESENVOLVIMENTO ECONÔMICO;ADMINISTRAÇÃO;ADMINISTRAÇÃO GERAL;VENCIMENTOS E VANTAGENS FIXAS -  PESSOAL CIVIL;TESOURO;262814,97;262814,97;262814,97
2017;11;70.10.3.1.90.16.04.122.0050.2.002.01.110000;SECRETARIA DE INOVAÇÃO E DESENVOLVIMENTO ECONÔMICO;ADMINISTRAÇÃO;ADMINISTRAÇÃO GERAL;OUTRAS DESPESAS VARIÁVEIS - PESSOAL CIVIL;TESOURO;4809,16;4809,16;4809,16
2017;11;70.10.3.3.50.39.19.573.0051.2.175.01.110000;SECRETARIA DE INOVAÇÃO E DESENVOLVIMENTO ECONÔMICO;CIÊNCIA E TECNOLOGIA;DIFUSÃO DO CONHECIMENTO CIENTÍFICO E TECNOLÓGICO;OUTROS SERVIÇOS DE TERCEIROS - PESSOA JURÍDICA;TESOURO;59997;59997;59997
2017;11;70.10.3.3.90.30.04.122.0050.2.002.01.110000;SECRETARIA DE INOVAÇÃO E DESENVOLVIMENTO ECONÔMICO;ADMINISTRAÇÃO;ADMINISTRAÇÃO GERAL;MATERIAL DE CONSUMO;TESOURO;2817,6;1244,28;1191
2017;11;70.10.3.3.90.36.04.122.0050.2.002.01.110000;SECRETARIA DE INOVAÇÃO E DESENVOLVIMENTO ECONÔMICO;ADMINISTRAÇÃO;ADMINISTRAÇÃO GERAL;OUTROS SERVIÇOS DE TERCEIROS - PESSOA FÍSICA;TESOURO;7710;8812,26;8812,26
2017;11;70.10.3.3.90.39.04.122.0050.2.002.01.110000;SECRETARIA DE INOVAÇÃO E DESENVOLVIMENTO ECONÔMICO;ADMINISTRAÇÃO;ADMINISTRAÇÃO GERAL;OUTROS SERVIÇOS DE TERCEIROS - PESSOA JURÍDICA;TESOURO;16250,68;75963,61;64253,48
2017;11;70.10.3.3.90.39.04.122.0050.2.003.01.110000;SECRETARIA DE INOVAÇÃO E DESENVOLVIMENTO ECONÔMICO;ADMINISTRAÇÃO;ADMINISTRAÇÃO GERAL;OUTROS SERVIÇOS DE TERCEIROS - PESSOA JURÍDICA;TESOURO;5902,27;5902,27;5902,27
2017;11;70.10.3.3.90.39.11.334.0052.2.093.01.110000;SECRETARIA DE INOVAÇÃO E DESENVOLVIMENTO ECONÔMICO;TRABALHO;FOMENTO AO TRABALHO;OUTROS SERVIÇOS DE TERCEIROS - PESSOA JURÍDICA;TESOURO;0;4681,14;13920,42
2017;11;70.10.3.3.90.39.23.695.0076.2.171.01.110000;SECRETARIA DE INOVAÇÃO E DESENVOLVIMENTO ECONÔMICO;COMÉRCIO E SERVIÇOS;TURISMO;OUTROS SERVIÇOS DE TERCEIROS - PESSOA JURÍDICA;TESOURO;2228,35;0;0
2017;11;70.10.4.4.90.52.23.695.0076.2.171.01.110000;SECRETARIA DE INOVAÇÃO E DESENVOLVIMENTO ECONÔMICO;COMÉRCIO E SERVIÇOS;TURISMO;EQUIPAMENTOS E MATERIAL PERMANENTE;TESOURO;0;0;2050
2017;11;75.10.3.1.90.11.06.181.0054.2.002.01.110000;SECRETARIA DE PROTEÇÃO AO CIDADÃO;SEGURANÇA PÚBLICA;POLICIAMENTO;VENCIMENTOS E VANTAGENS FIXAS -  PESSOAL CIVIL;TESOURO;2801090,65;2801090,65;2801090,65
2017;11;75.10.3.1.90.16.06.181.0054.2.002.01.110000;SECRETARIA DE PROTEÇÃO AO CIDADÃO;SEGURANÇA PÚBLICA;POLICIAMENTO;OUTRAS DESPESAS VARIÁVEIS - PESSOAL CIVIL;TESOURO;775853,4;775853,4;775853,4
2017;11;75.10.3.1.90.96.06.181.0054.2.002.01.110000;SECRETARIA DE PROTEÇÃO AO CIDADÃO;SEGURANÇA PÚBLICA;POLICIAMENTO;RESSARCIMENTO DE DESPESAS DE PESSOAL REQUISITADO;TESOURO;159185,47;159185,47;159185,47
2017;11;75.10.3.3.90.14.06.181.0054.2.003.01.110000;SECRETARIA DE PROTEÇÃO AO CIDADÃO;SEGURANÇA PÚBLICA;POLICIAMENTO;DIÁRIAS - PESSOAL CIVIL;TESOURO;346;346;346
2017;11;75.10.3.3.90.30.06.181.0054.2.002.01.110000;SECRETARIA DE PROTEÇÃO AO CIDADÃO;SEGURANÇA PÚBLICA;POLICIAMENTO;MATERIAL DE CONSUMO;TESOURO;47871,37;49417,46;9627,44
2017;11;75.10.3.3.90.30.06.181.0054.2.003.01.110000;SECRETARIA DE PROTEÇÃO AO CIDADÃO;SEGURANÇA PÚBLICA;POLICIAMENTO;MATERIAL DE CONSUMO;TESOURO;739;739;739
2017;11;75.10.3.3.90.30.06.181.0054.2.098.01.110000;SECRETARIA DE PROTEÇÃO AO CIDADÃO;SEGURANÇA PÚBLICA;POLICIAMENTO;MATERIAL DE CONSUMO;TESOURO;0;3141;304,5
2017;11;75.10.3.3.90.30.06.181.0055.2.100.01.110000;SECRETARIA DE PROTEÇÃO AO CIDADÃO;SEGURANÇA PÚBLICA;POLICIAMENTO;MATERIAL DE CONSUMO;TESOURO;0;991,44;991,44
2017;11;75.10.3.3.90.30.06.182.0055.2.101.01.110000;SECRETARIA DE PROTEÇÃO AO CIDADÃO;SEGURANÇA PÚBLICA;DEFESA CIVIL;MATERIAL DE CONSUMO;TESOURO;2857;5504,2;2899,7
2017;11;75.10.3.3.90.36.06.181.0054.2.002.01.110000;SECRETARIA DE PROTEÇÃO AO CIDADÃO;SEGURANÇA PÚBLICA;POLICIAMENTO;OUTROS SERVIÇOS DE TERCEIROS - PESSOA FÍSICA;TESOURO;0;7776,68;7776,68
2017;11;75.10.3.3.90.39.06.181.0054.2.002.01.110000;SECRETARIA DE PROTEÇÃO AO CIDADÃO;SEGURANÇA PÚBLICA;POLICIAMENTO;OUTROS SERVIÇOS DE TERCEIROS - PESSOA JURÍDICA;TESOURO;128456,06;37238,43;128830,66
2017;11;75.10.3.3.90.39.06.181.0054.2.003.01.110000;SECRETARIA DE PROTEÇÃO AO CIDADÃO;SEGURANÇA PÚBLICA;POLICIAMENTO;OUTROS SERVIÇOS DE TERCEIROS - PESSOA JURÍDICA;TESOURO;700;700;700
2017;11;75.10.3.3.90.39.06.181.0054.2.010.01.110000;SECRETARIA DE PROTEÇÃO AO CIDADÃO;SEGURANÇA PÚBLICA;POLICIAMENTO;OUTROS SERVIÇOS DE TERCEIROS - PESSOA JURÍDICA;TESOURO;4529,6;6401,2;7941
2017;11;75.10.3.3.90.39.06.181.0054.2.098.01.110000;SECRETARIA DE PROTEÇÃO AO CIDADÃO;SEGURANÇA PÚBLICA;POLICIAMENTO;OUTROS SERVIÇOS DE TERCEIROS - PESSOA JURÍDICA;TESOURO;0;7794,5;11016,24
2017;11;75.10.3.3.90.39.06.181.0055.2.100.01.110000;SECRETARIA DE PROTEÇÃO AO CIDADÃO;SEGURANÇA PÚBLICA;POLICIAMENTO;OUTROS SERVIÇOS DE TERCEIROS - PESSOA JURÍDICA;TESOURO;4990,32;33057,49;54557,74
2017;11;75.10.3.3.90.39.06.182.0055.2.101.01.110000;SECRETARIA DE PROTEÇÃO AO CIDADÃO;SEGURANÇA PÚBLICA;DEFESA CIVIL;OUTROS SERVIÇOS DE TERCEIROS - PESSOA JURÍDICA;TESOURO;0;7875,31;0
2017;11;75.10.4.4.90.52.06.181.0054.2.002.01.110000;SECRETARIA DE PROTEÇÃO AO CIDADÃO;SEGURANÇA PÚBLICA;POLICIAMENTO;EQUIPAMENTOS E MATERIAL PERMANENTE;TESOURO;163657,9;13928,9;938
2017;11;80.10.3.1.90.11.04.122.0080.2.177.01.110000;ENCARGOS GERAIS DO MUNICÍPIO;ADMINISTRAÇÃO;ADMINISTRAÇÃO GERAL;VENCIMENTOS E VANTAGENS FIXAS -  PESSOAL CIVIL;TESOURO;1177897,74;1177897,74;1177897,74
2017;11;80.10.3.1.90.13.09.271.0080.2.178.01.110000;ENCARGOS GERAIS DO MUNICÍPIO;PREVIDÊNCIA SOCIAL;PREVIDÊNCIA BÁSICA;OBRIGAÇÕES PATRONAIS;TESOURO;327433,26;327433,26;327433,26
2017;11;80.10.3.1.90.16.04.122.0080.2.177.01.110000;ENCARGOS GERAIS DO MUNICÍPIO;ADMINISTRAÇÃO;ADMINISTRAÇÃO GERAL;OUTRAS DESPESAS VARIÁVEIS - PESSOAL CIVIL;TESOURO;52706,82;52706,82;52706,82
2017;11;80.10.3.1.90.94.04.122.0080.2.177.01.110000;ENCARGOS GERAIS DO MUNICÍPIO;ADMINISTRAÇÃO;ADMINISTRAÇÃO GERAL;INDENIZAÇÕES E RESTITUIÇÕES TRABALHISTAS;TESOURO;448098,32;448098,32;457034,81
2017;11;80.10.3.1.91.13.09.271.0080.2.178.01.110000;ENCARGOS GERAIS DO MUNICÍPIO;PREVIDÊNCIA SOCIAL;PREVIDÊNCIA BÁSICA;OBRIGAÇÕES PATRONAIS - INTRA-ORÇAMENTÁRIO;TESOURO;4519754,94;4519754,94;4519754,94
2017;11;80.10.3.2.90.21.28.843.0080.0.002.01.110000;ENCARGOS GERAIS DO MUNICÍPIO;ENCARGOS ESPECIAIS;SERVIÇO DA DÍVIDA INTERNA;JUROS SOBRE A DÍVIDA POR CONTRATO;TESOURO;-313466,41;370196,09;370533,03
2017;11;80.10.3.2.90.21.28.843.0080.0.004.01.110000;ENCARGOS GERAIS DO MUNICÍPIO;ENCARGOS ESPECIAIS;SERVIÇO DA DÍVIDA INTERNA;JUROS SOBRE A DÍVIDA POR CONTRATO;TESOURO;0;142631,23;142631,23
2017;11;80.10.3.2.91.21.28.843.0080.0.004.01.110000;ENCARGOS GERAIS DO MUNICÍPIO;ENCARGOS ESPECIAIS;SERVIÇO DA DÍVIDA INTERNA;JUROS SOBRE A DÍVIDA POR CONTRATO - INTRA-ORÇAMENTÁRIO;TESOURO;-579,12;162970,76;162970,76
2017;11;80.10.3.3.90.39.04.122.0080.2.021.01.110000;ENCARGOS GERAIS DO MUNICÍPIO;ADMINISTRAÇÃO;ADMINISTRAÇÃO GERAL;OUTROS SERVIÇOS DE TERCEIROS - PESSOA JURÍDICA;TESOURO;23289,64;1426565,6;1429661,82
2017;11;80.10.3.3.90.39.04.122.0080.2.037.01.110000;ENCARGOS GERAIS DO MUNICÍPIO;ADMINISTRAÇÃO;ADMINISTRAÇÃO GERAL;OUTROS SERVIÇOS DE TERCEIROS - PESSOA JURÍDICA;TESOURO;47434,45;108335,23;108335,23
2017;11;80.10.3.3.90.46.04.122.0080.2.037.01.110000;ENCARGOS GERAIS DO MUNICÍPIO;ADMINISTRAÇÃO;ADMINISTRAÇÃO GERAL;AUXÍLIO ALIMENTAÇÃO;TESOURO;496966,32;496966,32;496966,32
2017;11;80.10.3.3.90.47.04.122.0080.2.177.01.110000;ENCARGOS GERAIS DO MUNICÍPIO;ADMINISTRAÇÃO;ADMINISTRAÇÃO GERAL;OBRIGAÇÕES TRIBUTÁRIAS E CONTRIBUTIVAS;TESOURO;1543293;1543293;1543293
2017;11;80.10.3.3.90.91.04.122.0080.0.001.01.100105;ENCARGOS GERAIS DO MUNICÍPIO;ADMINISTRAÇÃO;ADMINISTRAÇÃO GERAL;SENTENÇAS JUDICIAIS;TESOURO;95433,83;95433,83;99983,75
2017;11;80.10.3.3.90.93.04.122.0080.2.021.01.110000;ENCARGOS GERAIS DO MUNICÍPIO;ADMINISTRAÇÃO;ADMINISTRAÇÃO GERAL;INDENIZAÇÕES E RESTITUIÇÕES;TESOURO;58623,99;58623,99;2621,02
2017;11;80.10.3.3.90.93.04.122.0080.2.179.01.110000;ENCARGOS GERAIS DO MUNICÍPIO;ADMINISTRAÇÃO;ADMINISTRAÇÃO GERAL;INDENIZAÇÕES E RESTITUIÇÕES;TESOURO;0;0;47801,29
2017;11;80.10.4.4.90.91.04.122.0080.0.001.01.110000;ENCARGOS GERAIS DO MUNICÍPIO;ADMINISTRAÇÃO;ADMINISTRAÇÃO GERAL;SENTENÇAS JUDICIAIS;TESOURO;-1456647,71;0;0
2017;11;80.10.4.6.90.71.28.843.0080.0.002.01.100099;ENCARGOS GERAIS DO MUNICÍPIO;ENCARGOS ESPECIAIS;SERVIÇO DA DÍVIDA INTERNA;PRINCIPAL DA DÍVIDA CONTRATUAL RESGATADA;TESOURO;-60446,06;80360,45;80221,59
2017;11;80.10.4.6.90.71.28.843.0080.0.002.01.110000;ENCARGOS GERAIS DO MUNICÍPIO;ENCARGOS ESPECIAIS;SERVIÇO DA DÍVIDA INTERNA;PRINCIPAL DA DÍVIDA CONTRATUAL RESGATADA;TESOURO;-124910,38;324843,1;324751,88
2017;11;80.10.4.6.90.71.28.843.0080.0.004.01.100099;ENCARGOS GERAIS DO MUNICÍPIO;ENCARGOS ESPECIAIS;SERVIÇO DA DÍVIDA INTERNA;PRINCIPAL DA DÍVIDA CONTRATUAL RESGATADA;TESOURO;0;173985,28;173985,28
2017;11;80.10.4.6.90.71.28.843.0080.0.004.01.110000;ENCARGOS GERAIS DO MUNICÍPIO;ENCARGOS ESPECIAIS;SERVIÇO DA DÍVIDA INTERNA;PRINCIPAL DA DÍVIDA CONTRATUAL RESGATADA;TESOURO;0;56966,68;56966,68
2017;11;80.10.4.6.91.71.28.843.0080.0.004.01.110000;ENCARGOS GERAIS DO MUNICÍPIO;ENCARGOS ESPECIAIS;SERVIÇO DA DÍVIDA INTERNA;PRINCIPAL DA DÍVIDA CONTRATUAL RESGATADA - INTRA-ORÇAMENTÁRIO;TESOURO;0;868222,03;868222,03
2017;11;92.10.3.3.90.39.14.422.0066.2.002.01.110000;SECRETARIA DE PROMOÇÃO DA CIDADANIA;DIREITOS DA CIDADANIA;DIREITOS INDIVIDUAIS, COLETIVOS E DIFUSOS;OUTROS SERVIÇOS DE TERCEIROS - PESSOA JURÍDICA;TESOURO;0;15768,48;1978,48
